sk_tempo,sk_atividade,indice,var_yoy_pct,flag_indice_ausente
200201,1,84.35985,,0
200202,1,81.23882,,0
200203,1,90.19468,,0
200204,1,92.75477,,0
200205,1,93.74586,,0
200206,1,90.30861,,0
200207,1,97.02905,,0
200208,1,97.40784,,0
200209,1,95.68385,,0
200210,1,103.92059,,0
200211,1,97.7581,,0
200212,1,86.94687,,0
200301,1,86.21006,2.1932352890622786,0
200302,1,83.64805,2.9656142223631443,0
200303,1,90.21116,0.01827158763687553,0
200304,1,89.17615,-3.8581519850677037,0
200305,1,92.85332,-0.9520847107274855,0
200306,1,88.90555,-1.5536281645792127,0
200307,1,94.79223,-2.3053095954252867,0
200308,1,95.13301,-2.3353664345703518,0
200309,1,99.81096,4.313277528025883,0
200310,1,104.87061,0.9141787974837223,0
200311,1,98.57643,0.8370968748369734,0
200312,1,90.74434,4.367575279018077,0
200401,1,89.48491,3.798686603396395,0
200402,1,86.27226,3.137204035240515,0
200403,1,101.29663,12.288357671046457,0
200404,1,95.78715,7.413417152456114,0
200405,1,100.60552,8.348866793346765,0
200406,1,100.36502,12.889487776634855,0
200407,1,104.98271,10.750332595825629,0
200408,1,107.37683,12.870211927489738,0
200409,1,107.36306,7.56640352923168,0
200410,1,108.93971,3.8801147433012995,0
200411,1,106.96965,8.514428854848965,0
200412,1,98.73418,8.804780551602454,0
200501,1,94.43859,5.535771338430129,0
200502,1,89.01654,3.1809529505776313,0
200503,1,102.59731,1.2840308705235337,0
200504,1,101.36217,5.820217012407203,0
200505,1,106.16136,5.522400758924562,0
200506,1,106.49943,6.112099613989019,0
200507,1,105.46883,0.4630476770889125,0
200508,1,111.39355,3.7407697731437928,0
200509,1,107.22933,-0.12455867036577084,0
200510,1,109.21963,0.25694946314800404,0
200511,1,107.68567,0.6693674327250765,0
200512,1,100.94034,2.234444039541339,0
200601,1,97.48057,3.2211196715240975,0
200602,1,93.46685,4.99941920905933,0
200603,1,107.67339,4.947576110913632,0
200604,1,99.8282,-1.513355525044513,0
200605,1,111.1146,4.66576539712753,0
200606,1,106.1607,-0.31805804031063145,0
200607,1,109.25591,3.590710165268729,0
200608,1,114.86336,3.114911051851732,0
200609,1,108.65657,1.3310164299263905,0
200610,1,113.57487,3.987598200067155,0
200611,1,111.69618,3.724274548321982,0
200612,1,101.34553,0.40141533107576066,0
200701,1,101.38564,4.005998323563342,0
200702,1,96.22568,2.9516668209103036,0
200703,1,112.38721,4.377887609928499,0
200704,1,105.592,5.773719249670939,0
200705,1,116.40273,4.7591675621385665,0
200706,1,112.88043,6.329771751693425,0
200707,1,116.34116,6.485003877593454,0
200708,1,122.27648,6.45385961197722,0
200709,1,114.61139,5.480404912468706,0
200710,1,125.65204,10.633663943441007,0
200711,1,119.3344,6.838389638750408,0
200712,1,107.93691,6.503868498196219,0
200801,1,110.45695,8.947332186293844,0
200802,1,106.13137,10.294227071193474,0
200803,1,113.89996,1.346016152549745,0
200804,1,115.64141,9.517207743010836,0
200805,1,119.39461,2.570283360192671,0
200806,1,120.34545,6.613210102052225,0
200807,1,126.43891,8.67943039247676,0
200808,1,124.5839,1.8870513773376452,0
200809,1,125.0701,9.12536703376514,0
200810,1,126.34873,0.5544597604623114,0
200811,1,112.08152,-6.0777780757267035,0
200812,1,92.19722,-14.582305533853058,0
200901,1,91.66715,-17.01097124264249,0
200902,1,88.63398,-16.4865392767473,0
200903,1,103.19096,-9.402110413383802,0
200904,1,99.3135,-14.11943178485976,0
200905,1,106.35166,-10.92423686462899,0
200906,1,107.43047,-10.731589769285,0
200907,1,113.86257,-9.9465741993505,0
200908,1,116.10422,-6.806401148141939,0
200909,1,115.87901,-7.3487508205398395,0
200910,1,123.07453,-2.591399217071677,0
200911,1,118.13763,5.403308234934712,0
200912,1,109.62616,18.90397562963395,0
201001,1,106.28638,15.948166818756748,0
201002,1,103.65597,16.948341933872314,0
201003,1,122.44795,18.661508721306586,0
201004,1,115.72172,16.521641065917514,0
201005,1,121.51816,14.260708295479363,0
201006,1,119.43995,11.178839671836105,0
201007,1,124.55664,9.392085564202524,0
201008,1,126.02153,8.541730869041618,0
201009,1,123.28957,6.395083975950433,0
201010,1,125.54517,2.007434032045463,0
201011,1,124.42525,5.322283848084641,0
201012,1,112.54306,2.660770020586334,0
201101,1,108.6343,2.2090506798707388,0
201102,1,111.18262,7.261183316310671,0
201103,1,121.63363,-0.6650335918241268,0
201104,1,113.61426,-1.821144725467272,0
201105,1,124.81165,2.7102862650323356,0
201106,1,119.80302,0.30397701941435873,0
201107,1,123.60012,-0.7679397902833562,0
201108,1,129.1428,2.4767751986505715,0
201109,1,122.10754,-0.9587429009607185,0
201110,1,123.83857,-1.3593513792685141,0
201111,1,121.40188,-2.429868535526347,0
201112,1,111.49519,-0.9310836225707719,0
201201,1,103.35733,-4.857554197891445,0
201202,1,104.68291,-5.845976646349937,0
201203,1,116.1812,-4.482666512542622,0
201204,1,108.09827,-4.855015558786368,0
201205,1,119.38667,-4.346533356461524,0
201206,1,114.50151,-4.425188947657588,0
201207,1,121.76721,-1.4829354534607209,0
201208,1,129.95274,0.6271662067107275,0
201209,1,120.52278,-1.2978395928703534,0
201210,1,130.27003,5.193422372367507,0
201211,1,122.16077,0.625105640868151,0
201212,1,107.48937,-3.5928186677828933,0
201301,1,110.11744,6.540523057242287,0
201302,1,102.62008,-1.970550875973931,0
201303,1,113.85214,-2.0046788981349817,0
201304,1,118.65181,9.762912949485681,0
201305,1,122.33153,2.466657290968932,0
201306,1,118.51416,3.504451600681957,0
201307,1,125.8847,3.3814439864393586,0
201308,1,130.56683,0.4725487127089423,0
201309,1,125.03259,3.74187352797537,0
201310,1,131.19189,0.7076531724142576,0
201311,1,123.68849,1.2505815082861638,0
201312,1,104.97604,-2.3382126065116915,0
201401,1,107.91411,-2.000891048684028,0
201402,1,107.54777,4.801876981580988,0
201403,1,113.37495,-0.4191313399994123,0
201404,1,111.8974,-5.692631237568135,0
201405,1,118.5303,-3.1073182849916114,0
201406,1,110.61037,-6.669068067478179,0
201407,1,121.70206,-3.322595994588695,0
201408,1,123.92138,-5.0896923820544675,0
201409,1,123.07107,-1.5688069806439997,0
201410,1,127.32526,-2.947308709402696,0
201411,1,116.2884,-5.982844482942595,0
201412,1,102.2134,-2.631686240022013,0
201501,1,102.66304,-4.865971650973167,0
201502,1,97.57125,-9.276361564726066,0
201503,1,109.92777,-3.04051291753602,0
201504,1,103.51269,-7.49321253219467,0
201505,1,108.44442,-8.509115390748189,0
201506,1,107.78466,-2.5546519734090056,0
201507,1,111.24612,-8.591424007120342,0
201508,1,113.73341,-8.221317419157204,0
201509,1,109.91113,-10.692959767067922,0
201510,1,113.31974,-10.999796898117475,0
201511,1,102.02329,-12.267010295093916,0
201512,1,89.97213,-11.976189031966445,0
201601,1,88.87564,-13.429760116201495,0
201602,1,88.35558,-9.44506706637458,0
201603,1,97.51803,-11.288994582533608,0
201604,1,96.72772,-6.554722904022691,0
201605,1,100.51023,-7.316365378688905,0
201606,1,102.14944,-5.22822078763342,0
201607,1,104.43092,-6.1262361329995185,0
201608,1,108.37187,-4.714129295868297,0
201609,1,105.65274,-3.874393794331843,0
201610,1,105.07812,-7.272889966037688,0
201611,1,100.76965,-1.2287782524950996,0
201612,1,90.00232,0.03355483525842029,0
201701,1,90.76173,2.1221675590746836,0
201702,1,88.41199,0.06384429823220739,0
201703,1,99.55177,2.0855015221287854,0
201704,1,92.42064,-4.452787680718617,0
201705,1,105.02557,4.492418333934767,0
201706,1,103.06748,0.8987224991150233,0
201707,1,107.34819,2.7934925786347486,0
201708,1,112.64103,3.939361755038462,0
201709,1,108.34912,2.552115543808897,0
201710,1,110.87912,5.520654537785785,0
201711,1,105.5798,4.773411438860808,0
201712,1,94.39374,4.879229779854555,0
201801,1,95.85064,5.606889599834641,0
201802,1,90.04273,1.8444783337644655,0
201803,1,100.49774,0.9502292123987122,0
201804,1,100.77646,9.041075673139677,0
201805,1,98.36,-6.346616352570145,0
201806,1,106.10223,2.9444301927242345,0
201807,1,111.61924,3.9786884157059443,0
201808,1,114.4615,1.61616952543846,0
201809,1,105.73437,-2.413263716401204,0
201810,1,111.61565,0.6642639299446085,0
201811,1,104.28134,-1.2298375257388305,0
201812,1,90.84141,-3.7633109992251557,0
201901,1,94.02286,-1.9069043253128082,0
201902,1,92.15176,2.34225461622497,0
201903,1,94.39633,-6.071191252659003,0
201904,1,97.12618,-3.6221554120873023,0
201905,1,106.03589,7.8038735258235015,0
201906,1,99.98849,-5.762122059074537,0
201907,1,108.88426,-2.4502764935507626,0
201908,1,112.1134,-2.0514321409382252,0
201909,1,106.94489,1.144868976852087,0
201910,1,113.06392,1.2975510154713987,0
201911,1,102.50798,-1.7005535218477252,0
201912,1,89.65106,-1.3103605503261062,0
202001,1,93.25265,-0.8191731244933331,0
202002,1,91.90105,-0.27206208541215027,0
202003,1,90.76051,-3.8516539784968384,0
202004,1,70.24669,-27.67481434974587,0
202005,1,82.93598,-21.78499185511622,0
202006,1,91.33918,-8.650305650180334,0
202007,1,106.0344,-2.6173296305636806,0
202008,1,109.41676,-2.405278940786737,0
202009,1,111.13157,3.9148013523600866,0
202010,1,113.42905,0.3229412176758206,0
202011,1,105.13475,2.5625029387955855,0
202012,1,97.1061,8.315618354094202,0
202101,1,95.45141,2.3578525650477467,0
202102,1,92.15339,0.27457792919667323,0
202103,1,100.3173,10.529678601409366,0
202104,1,94.72257,34.84275202148315,0
202105,1,102.95969,24.14357435699197,0
202106,1,102.41462,12.125617944019208,0
202107,1,107.53425,1.4144937869219776,0
202108,1,108.81356,-0.5512866584607368,0
202109,1,106.61016,-4.0685198634375475,0
202110,1,104.56847,-7.81156150033876,0
202111,1,100.5582,-4.353032655710887,0
202112,1,92.2986,-4.950770342954769,0
202201,1,90.12692,-5.5782203741149505,0
202202,1,89.76868,-2.5877615571168855,0
202203,1,98.37445,-1.9367048355567906,0
202204,1,94.63148,-0.09616504281926286,0
202205,1,102.66461,-0.2865975995071435,0
202206,1,101.79733,-0.6027362109042644,0
202207,1,107.14913,-0.358137058658059,0
202208,1,110.72404,1.755737060711926,0
202209,1,105.56805,-0.9774959534813554,0
202210,1,105.8625,1.2374953941661326,0
202211,1,101.38154,0.818769627936855,0
202212,1,91.95129,-0.37628956452210316,0
202301,1,90.3957,0.2982238824981609,0
202302,1,87.42669,-2.608916606549194,0
202303,1,99.38515,1.0274009155832653,0
202304,1,92.03653,-2.742163601372394,0
202305,1,104.73802,2.0195956522895298,0
202306,1,101.88765,0.08872531332599909,0
202307,1,105.5124,-1.527525235155902,0
202308,1,111.26735,0.4906883816739205,0
202309,1,106.2818,0.6761041811419233,0
202310,1,107.01406,1.0877884047703512,0
202311,1,102.82135,1.4201895137911702,0
202312,1,92.73326,0.8504176504755989,0
202401,1,93.7519,3.7127872232860737,0
202402,1,92.36098,5.643917206518978,0
202403,1,96.50021,-2.9027877907313093,0
202404,1,99.72287,8.351401340315645,0
202405,1,103.50713,-1.1752083913749822,0
202406,1,105.19257,3.2436904767162655,0
202407,1,111.98145,6.131080327999361,0
202408,1,113.82899,2.3022387070420924,0
202409,1,109.74694,3.260332436974145,0
202410,1,113.56517,6.121728303738783,0
202411,1,104.61993,1.7492281515463448,0
202412,1,94.03043,1.3988185037385747,0
202501,1,94.9752,1.3048268888417036,0
202502,1,93.49795,1.2310068602563673,0
202503,1,99.88757,3.5102099777813978,0
202504,1,99.25711,-0.4670543477138245,0
202505,1,107.00254,3.376975093406598,0
202506,1,103.77719,-1.3455132810235582,0
202507,1,112.26152,0.25010392346234145,0
202508,1,112.97945,-0.7463300869137157,0
202509,1,111.92533,1.9849209463152384,0
202510,1,113.09799,-0.41137612879018626,0
202511,1,103.13694,-1.4175023821942911,0
202512,1,93.89778,-0.14107135317790176,0
202601,1,95.20043,0.23714611814451558,0
202602,1,92.80076,-0.7456741030151037,0
202603,1,104.32131,4.438730464661411,0
202604,1,101.98014,2.7434105224300787,0
202605,1,107.16437,0.15123940048527018,0
202606,1,105.58143,1.7385708747750694,0
202607,1,111.6915,-0.5077608070868767,0
200201,2,72.33534,,0
200202,2,68.27858,,0
200203,2,78.50973,,0
200204,2,77.05576,,0
200205,2,79.04382,,0
200206,2,78.72606,,0
200207,2,81.56119,,0
200208,2,82.0684,,0
200209,2,77.66715,,0
200210,2,81.81241,,0
200211,2,77.63629,,0
200212,2,74.07857,,0
200301,2,79.43513,9.815105590158279,0
200302,2,73.60926,7.8072508244898975,0
200303,2,83.28259,6.079322906854978,0
200304,2,80.03548,3.866965947776002,0
200305,2,84.70589,7.163203903859916,0
200306,2,76.78432,-2.466451388523716,0
200307,2,81.74418,0.2243591590559202,0
200308,2,84.92759,3.4839109815714586,0
200309,2,82.20294,5.840036617797861,0
200310,2,84.56642,3.366249692436618,0
200311,2,80.71531,3.9659545812918084,0
200312,2,81.65883,10.232729924457228,0
200401,2,79.37047,-0.08139975348439021,0
200402,2,76.81952,4.361217596807787,0
200403,2,82.81256,-0.5643796620638186,0
200404,2,80.75444,0.8983016032389601,0
200405,2,82.97995,-2.0375678716084478,0
200406,2,84.05209,9.465174660659903,0
200407,2,87.80299,7.4119160532284845,0
200408,2,91.35267,7.565362445820023,0
200409,2,87.43,6.358726342391163,0
200410,2,89.89885,6.3056116127417905,0
200411,2,85.5991,6.050636490152872,0
200412,2,87.14522,6.718673289832844,0
200501,2,85.23454,7.38822637688803,0
200502,2,78.03375,1.580626903162119,0
200503,2,88.30164,6.628318216463791,0
200504,2,91.88625,13.784765271110789,0
200505,2,97.40822,17.387658102951377,0
200506,2,96.92843,15.319476291428336,0
200507,2,97.39026,10.919070068114989,0
200508,2,98.49883,7.822606607995142,0
200509,2,96.69902,10.601647031911243,0
200510,2,99.62757,10.82185144748793,0
200511,2,94.63481,10.555846965680704,0
200512,2,95.51433,9.603636321074195,0
200601,2,97.09017,13.909419819711587,0
200602,2,88.10328,12.904070354173669,0
200603,2,99.84122,13.06836430218057,0
200604,2,96.31572,4.820601558992776,0
200605,2,103.91566,6.680586094274177,0
200606,2,97.92285,1.025932226489168,0
200607,2,103.84325,6.625908997470598,0
200608,2,104.00713,5.592249166817531,0
200609,2,101.47888,4.943028378157299,0
200610,2,104.45498,4.845455931525788,0
200611,2,103.03579,8.877261971572615,0
200612,2,103.15233,7.996705834611428,0
200701,2,102.13743,5.198528337111763,0
200702,2,93.64766,6.293046070475472,0
200703,2,105.43052,5.5981888041832795,0
200704,2,101.65515,5.5436744905193125,0
200705,2,107.27663,3.2343248361218935,0
200706,2,106.34621,8.602037216032832,0
200707,2,111.27758,7.1591846364592815,0
200708,2,111.09261,6.812494489560472,0
200709,2,105.56753,4.0290649640595255,0
200710,2,108.77695,4.1376390096479865,0
200711,2,106.64295,3.5008806163372874,0
200712,2,114.20452,10.714435631264951,0
200801,2,110.24493,7.93783434731028,0
200802,2,102.60372,9.563570515269681,0
200803,2,108.96024,3.347911022349126,0
200804,2,105.84914,4.125703419846416,0
200805,2,115.37074,7.545082279337079,0
200806,2,114.08356,7.275623644697826,0
200807,2,120.81948,8.574862968802876,0
200808,2,120.65791,8.610203685015595,0
200809,2,115.80854,9.700908982146306,0
200810,2,116.76316,7.34182195768498,0
200811,2,101.78122,-4.558885514701149,0
200812,2,89.823,-21.348997395199433,0
200901,2,89.97001,-18.3907958397724,0
200902,2,83.2235,-18.888418470597358,0
200903,2,97.54306,-10.478299240163203,0
200904,2,93.5956,-11.576419043177866,0
200905,2,98.93018,-14.25019896725982,0
200906,2,103.26649,-9.481707969141217,0
200907,2,108.41943,-10.263287012988298,0
200908,2,108.19334,-10.330503818605841,0
200909,2,104.9037,-9.416265847061013,0
200910,2,107.52755,-7.9096951469966985,0
200911,2,102.94317,1.1416153196041279,0
200912,2,107.07231,19.203667212183984,0
201001,2,109.10737,21.270821243656645,0
201002,2,100.53788,20.804676563710967,0
201003,2,112.37959,15.210236381757959,0
201004,2,110.09023,17.623296394274934,0
201005,2,114.42955,15.66697846905769,0
201006,2,112.84326,9.273840913930552,0
201007,2,119.58261,10.296290987694734,0
201008,2,119.85259,10.776310260871869,0
201009,2,119.11334,13.545413555479936,0
201010,2,116.80873,8.63144375557705,0
201011,2,114.78005,11.498460752665785,0
201012,2,118.2225,10.41370079715287,0
201101,2,115.16291,5.550074206719491,0
201102,2,105.10588,4.5435610935897985,0
201103,2,112.41294,0.029676207218787276,0
201104,2,111.82093,1.5720741068485422,0
201105,2,117.85912,2.9971017101788844,0
201106,2,117.2808,3.9324812133219034,0
201107,2,120.7751,0.9972102130903382,0
201108,2,120.89795,0.8722047642024222,0
201109,2,117.43449,-1.4094559014128927,0
201110,2,118.94184,1.8261563155425042,0
201111,2,118.82906,3.527625227554787,0
201112,2,120.74981,2.137757195119372,0
201201,2,107.09504,-7.005614915427194,0
201202,2,108.47377,3.2042831476222,0
201203,2,114.22976,1.61620183583846,0
201204,2,111.42544,-0.3536815513875746,0
201205,2,120.79578,2.4916697155044076,0
201206,2,116.43788,-0.7187195176021954,0
201207,2,120.43343,-0.28289771649950834,0
201208,2,120.53806,-0.29768081261922763,0
201209,2,112.99274,-3.782321530923327,0
201210,2,125.2329,5.289190078108774,0
201211,2,112.7973,-5.075997403328769,0
201212,2,119.97843,-0.6388250217536529,0
201301,2,109.22538,1.9892051023091328,0
201302,2,98.98255,-8.749783472999972,0
201303,2,103.84508,-9.091045976109902,0
201304,2,104.96753,-5.795723131091068,0
201305,2,110.63187,-8.41412671866516,0
201306,2,112.4949,-3.386337848129839,0
201307,2,116.55067,-3.223988555337176,0
201308,2,118.01646,-2.0919533631120424,0
201309,2,112.6722,-0.28368194275135705,0
201310,2,120.45492,-3.815275378914007,0
201311,2,116.10302,2.9306729859668534,0
201312,2,115.75058,-3.523841743886802,0
201401,2,111.50309,2.0853303508763243,0
201402,2,100.58812,1.622073789774059,0
201403,2,113.02179,8.836923232183945,0
201404,2,111.15067,5.8905263370491845,0
201405,2,119.0604,7.618537045428231,0
201406,2,117.12345,4.114453188544553,0
201407,2,124.39125,6.727185695286009,0
201408,2,128.45124,8.841800542059985,0
201409,2,124.82072,10.782180520128293,0
201410,2,130.02775,7.947230382951553,0
201411,2,122.42012,5.440943741170545,0
201412,2,128.17597,10.7346243966985,0
201501,2,124.45172,11.612799250675465,0
201502,2,113.7199,13.055000928539062,0
201503,2,124.76847,10.393287878381674,0
201504,2,124.04402,11.599885092910366,0
201505,2,128.08446,7.5793966759728715,0
201506,2,127.16843,8.576403785919883,0
201507,2,128.9601,3.6729673509993788,0
201508,2,133.23689,3.725654964483005,0
201509,2,128.3123,2.797275965080148,0
201510,2,129.21393,-0.6258817829270957,0
201511,2,110.34308,-9.865241105792089,0
201512,2,113.85183,-11.175370859296008,0
201601,2,103.76011,-16.626214567384046,0
201602,2,100.85846,-11.30975317424655,0
201603,2,104.83632,-15.975310108395169,0
201604,2,104.83943,-15.482076443507719,0
201605,2,113.70503,-11.226521937165534,0
201606,2,111.44074,-12.367605702138496,0
201607,2,117.07733,-9.214299616703158,0
201608,2,117.89722,-11.513080198734738,0
201609,2,116.34943,-9.32324492663602,0
201610,2,117.97489,-8.69800957218777,0
201611,2,115.22493,4.424246631506024,0
201612,2,122.0064,7.162440867221886,0
201701,2,118.05963,13.781326947321082,0
201702,2,108.03582,7.116269671379083,0
201703,2,114.91462,9.613366817911961,0
201704,2,111.80093,6.640154377031626,0
201705,2,119.92573,5.470910125963657,0
201706,2,118.8175,6.619446353281555,0
201707,2,120.95548,3.3124687759790827,0
201708,2,120.69142,2.3700304383767357,0
201709,2,118.5837,1.920310224124,0
201710,2,120.79089,2.3869486125394968,0
201711,2,116.40688,1.0257762794908976,0
201712,2,117.78314,-3.4615069373409857,0
201801,2,117.81546,-0.20681921500177447,0
201802,2,102.01153,-5.576196857671844,0
201803,2,111.83411,-2.6806945887303146,0
201804,2,110.45269,-1.2059291456698928,0
201805,2,120.61424,0.5741136618472087,0
201806,2,118.77428,-0.03637511309360075,0
201807,2,122.27989,1.0949565906398062,0
201808,2,120.76449,0.06054282897658414,0
201809,2,116.90938,-1.4119309820826986,0
201810,2,123.58628,2.314239095349002,0
201811,2,118.20499,1.5446767407562012,0
201812,2,123.7175,5.0383781583680065,0
201901,2,119.76432,1.654163214233506,0
201902,2,92.44812,-9.374832433157298,0
201903,2,96.85168,-13.397012771863604,0
201904,2,85.31562,-22.758223452955296,0
201905,2,100.46342,-16.70683328933631,0
201906,2,101.43085,-14.602008111520437,0
201907,2,111.59502,-8.738043516395045,0
201908,2,118.48111,-1.8907710370821729,0
201909,2,113.71781,-2.729952036354999,0
201910,2,114.55644,-7.306506838785021,0
201911,2,107.10784,-9.388055445036624,0
201912,2,108.75439,-12.09457837411846,0
202001,2,101.69646,-15.086179256058896,0
202002,2,92.83281,0.41611446506428784,0
202003,2,96.45762,-0.40686955559262605,0
202004,2,93.62773,9.7427762934853,0
202005,2,94.63612,-5.800419695049197,0
202006,2,100.22759,-1.186286026391381,0
202007,2,113.13214,1.3774091352821927,0
202008,2,116.38574,-1.7685266453023596,0
202009,2,108.98349,-4.163217705300514,0
202010,2,107.54725,-6.118547329159307,0
202011,2,97.39743,-9.066012347928964,0
202012,2,104.56721,-3.850125038630625,0
202101,2,102.00902,0.30734599808095453,0
202102,2,86.65218,-6.657807729831722,0
202103,2,96.49411,0.03783008537843191,0
202104,2,97.07546,3.6823812774271047,0
202105,2,105.64588,11.633782111946257,0
202106,2,104.30881,4.071952642979837,0
202107,2,109.9911,-2.776434707237041,0
202108,2,114.72825,-1.4241349498658518,0
202109,2,112.51948,3.244518963376919,0
202110,2,102.42024,-4.767216270058039,0
202111,2,101.88696,4.609495342946945,0
202112,2,106.40551,1.7580080792057196,0
202201,2,95.86896,-6.0191343863513325,0
202202,2,87.37175,0.830411883463289,0
202203,2,97.3028,0.8380718781695551,0
202204,2,95.78282,-1.331582667751463,0
202205,2,95.17081,-9.915265981030208,0
202206,2,98.39108,-5.6732791793905,0
202207,2,105.73596,-3.868622097606078,0
202208,2,106.8068,-6.904533103224364,0
202209,2,105.16354,-6.537481332121342,0
202210,2,112.64665,9.984754966401166,0
202211,2,98.15732,-3.6605665729942283,0
202212,2,101.60158,-4.514738005578856,0
202301,2,97.83428,2.0500065923318767,0
202302,2,91.49249,4.716329935019048,0
202303,2,100.71567,3.50747357732768,0
202304,2,97.63701,1.9358273226868894,0
202305,2,106.76081,12.178103769422588,0
202306,2,109.35945,11.147728025751924,0
202307,2,113.37046,7.2203439586683515,0
202308,2,110.33621,3.3044806135938964,0
202309,2,115.03066,9.382643452283945,0
202310,2,112.48542,-0.143128978979834,0
202311,2,112.6565,14.771369063458529,0
202312,2,119.61433,17.728808941750707,0
202401,2,104.9228,7.245435853363458,0
202402,2,96.4576,5.4267951391420155,0
202403,2,102.48033,1.7521205985126187,0
202404,2,96.1627,-1.5099909347899954,0
202405,2,106.68699,-0.0691452228584688,0
202406,2,110.60854,1.1421875292898953,0
202407,2,112.94605,-0.37435677688878455,0
202408,2,116.5455,5.62760856114235,0
202409,2,111.10247,-3.414906947417329,0
202410,2,110.04234,-2.171908145962387,0
202411,2,107.73581,-4.367870473519053,0
202412,2,111.25974,-6.9846062758534,0
202501,2,99.17718,-5.476045244694183,0
202502,2,92.83342,-3.7572778091099046,0
202503,2,108.56774,5.940076500534297,0
202504,2,105.82822,10.05121528409665,0
202505,2,116.39958,9.10381856306941,0
202506,2,114.90572,3.885034555197997,0
202507,2,120.5121,6.698817709871219,0
202508,2,122.03058,4.70638505991221,0
202509,2,116.83068,5.155789965785651,0
202510,2,121.01761,9.973679222015818,0
202511,2,112.91484,4.807157434468623,0
202512,2,118.85534,6.826907918353942,0
202601,2,110.84698,11.76661808694297,0
202602,2,102.17122,10.058662063726631,0
202603,2,114.02731,5.0287221600081145,0
202604,2,117.01068,10.566614462569612,0
202605,2,120.00904,3.100921841814208,0
202606,2,121.58235,5.810528840513762,0
202607,2,123.56076,2.5297542736372414,0
200201,3,85.14812,,0
200202,3,82.08498,,0
200203,3,90.9636,,0
200204,3,93.77772,,0
200205,3,94.70631,,0
200206,3,91.07112,,0
200207,3,98.03895,,0
200208,3,98.40978,,0
200209,3,96.85399,,0
200210,3,105.35167,,0
200211,3,99.06174,,0
200212,3,87.78926,,0
200301,3,86.66795,1.7849249049773475,0
200302,3,84.31084,2.711653215972021,0
200303,3,90.68017,-0.3115861729307112,0
200304,3,89.78428,-4.258410206603447,0
200305,3,93.40012,-1.3792006044792582,0
200306,3,89.70153,-1.5038686248725064,0
200307,3,95.64875,-2.4380106070087337,0
200308,3,95.8104,-2.64138381368193,0
200309,3,100.95681,4.2360877440361655,0
200310,3,106.18827,0.7941022671970943,0
200311,3,99.7378,0.6824632799706354,0
200312,3,91.34955,4.055496082322585,0
200401,3,90.15456,4.022951967826627,0
200402,3,86.89904,3.0698306409946863,0
200403,3,102.49825,13.032706048080843,0
200404,3,96.76917,7.779635811525143,0
200405,3,101.75276,8.942857889261813,0
200406,3,101.4294,13.074325488093685,0
200407,3,106.1034,10.930252616997072,0
200408,3,108.4255,13.16673346526056,0
200409,3,108.65821,7.628410604495128,0
200410,3,110.17916,3.7583153016806703,0
200411,3,108.35531,8.640164511348768,0
200412,3,99.50009,8.922364696925179,0
200501,3,95.05259,5.432925411648615,0
200502,3,89.74077,3.270151200749738,0
200503,3,103.53528,1.0117538592122388,0
200504,3,101.99578,5.401110704990031,0
200505,3,106.7511,4.912240218348862,0
200506,3,107.14086,5.630970901927856,0
200507,3,106.01579,-0.08257039830956714,0
200508,3,112.24631,3.5239035097831994,0
200509,3,107.93151,-0.6687943782618833,0
200510,3,109.86336,-0.2866240766402628,0
200511,3,108.54696,0.17687181181982314,0
200512,3,101.31841,1.827455633457209,0
200601,3,97.53989,2.6167619419944277,0
200602,3,93.83834,4.566007178231257,0
200603,3,108.20559,4.5108392037960465,0
200604,3,100.08522,-1.873175537262417,0
200605,3,111.60809,4.549826652840117,0
200606,3,106.71794,-0.394732691150701,0
200607,3,109.63611,3.41488753703576,0
200608,3,115.58881,2.9778261753103497,0
200609,3,109.14785,1.126955418301856,0
200610,3,114.19037,3.9385378346338484,0
200611,3,112.28204,3.4409807515567437,0
200612,3,101.26767,-0.050079743651720854,0
200701,3,101.37432,3.931140377541942,0
200702,3,96.4225,2.7538424059931232,0
200703,3,112.86589,4.306893941431289,0
200704,3,105.87783,5.787677741029085,0
200705,3,117.01963,4.848698692003417,0
200706,3,113.33264,6.198301803801676,0
200707,3,116.70186,6.444728839795566,0
200708,3,123.02523,6.433512032868927,0
200709,3,115.22247,5.565496709280104,0
200710,3,126.76087,11.008371371421255,0
200711,3,120.17717,7.031516349364519,0
200712,3,107.5801,6.233410919793059,0
200801,3,110.50963,9.011463652727825,0
200802,3,106.39159,10.338966527522086,0
200803,3,114.25199,1.2280946883066468,0
200804,3,116.30005,9.843628264765147,0
200805,3,119.69084,2.282702483335486,0
200806,3,120.78314,6.57401080571316,0
200807,3,126.83826,8.685722746835411,0
200808,3,124.87581,1.5042280351762027,0
200809,3,125.69863,9.092115452827908,0
200810,3,126.99815,0.18718710277074724,0
200811,3,112.77093,-6.162767853494966,0
200812,3,92.37975,-14.129332469480882,0
200901,3,91.80679,-16.924172128709504,0
200902,3,89.0067,-16.340473903999364,0
200903,3,103.58383,-9.337395348649945,0
200904,3,99.70941,-14.265376498118442,0
200905,3,106.8575,-10.722073635710128,0
200906,3,107.73128,-10.80602805987657,0
200907,3,114.24633,-9.927548674981823,0
200908,3,116.64439,-6.59168497085224,0
200909,3,116.61233,-7.228638848331115,0
200910,3,124.09869,-2.2830726274359003,0
200911,3,119.13781,5.6458521712998255,0
200912,3,109.82622,18.885599928555784,0
201001,3,106.14632,15.619247770235734,0
201002,3,103.88948,16.720965949754362,0
201003,3,123.12642,18.866448556690727,0
201004,3,116.11801,16.45642071294975,0
201005,3,122.0084,14.178602344243485,0
201006,3,119.89844,11.293990009215516,0
201007,3,124.91462,9.337971731783412,0
201008,3,126.45538,8.411026025340785,0
201009,3,123.5968,5.9894781280847464,0
201010,3,126.14076,1.6455209962329187,0
201011,3,125.07774,4.985763965276857,0
201012,3,112.22498,2.1841414554739202,0
201101,3,108.26129,1.9925043091460815,0
201102,3,111.60538,7.427027260122965,0
201103,3,122.25836,-0.7050152193168624,0
201104,3,113.76777,-2.024009884427058,0
201105,3,125.29448,2.6933227548267213,0
201106,3,120.0047,0.0886250062970051,0
201107,3,123.82225,-0.8744933139131383,0
201108,3,129.70867,2.572678204754908,0
201109,3,122.44567,-0.9313590643123426,0
201110,3,124.19142,-1.5453688403336163,0
201111,3,121.60733,-2.7746024192634167,0
201112,3,110.9513,-1.1349344860653976,0
201201,3,102.88463,-4.966373484003384,0
201202,3,104.20349,-6.632198196896955,0
201203,3,116.42738,-4.769391639148434,0
201204,3,107.67743,-5.353308762226772,0
201205,3,119.20817,-4.857604261576409,0
201206,3,114.2564,-4.790062389223094,0
201207,3,121.93532,-1.5239022065904884,0
201208,3,131.14199,1.1050302188743366,0
201209,3,121.4739,-0.7936336172606251,0
201210,3,130.9061,5.4067181130548425,0
201211,3,123.34358,1.4277511067795068,0
201212,3,105.91076,-4.543020225991046,0
201301,3,110.22978,7.1392102007850955,0
201302,3,103.07938,-1.07876425252168,0
201303,3,115.11631,-1.1260839159998315,0
201304,3,120.38064,11.797467677302475,0
201305,3,123.80956,3.8599619472390323,0
201306,3,119.27438,4.391859011836541,0
201307,3,127.06378,4.205885546534005,0
201308,3,132.15233,0.770416858856593,0
201309,3,126.59411,4.215070068549709,0
201310,3,132.54824,1.254441160495956,0
201311,3,124.64661,1.056423042042387,0
201312,3,103.6141,-2.1684859970790504,0
201401,3,107.46019,-2.5125605802715056,0
201402,3,108.42686,5.1877300775382995,0
201403,3,113.41917,-1.4742828362028004,0
201404,3,111.99136,-6.968961121987716,0
201405,3,118.46288,-4.318471045370009,0
201406,3,109.78693,-7.95430670023185,0
201407,3,121.36179,-4.4875022606757025,0
201408,3,123.3485,-6.661880271047815,0
201409,3,122.84953,-2.9579417241449857,0
201410,3,126.9833,-4.198426172991809,0
201411,3,115.51312,-7.32750774369234,0
201412,3,98.93218,-4.518612814279132,0
201501,3,99.90927,-7.026713799780171,0
201502,3,95.53022,-11.894322126454648,0
201503,3,108.05198,-4.732171818926201,0
201504,3,100.91781,-9.887860992133678,0
201505,3,105.96215,-10.55244478270324,0
201506,3,105.33477,-4.055273246095858,0
201507,3,109.00724,-10.17993389847003,0
201508,3,111.26838,-9.793487557611169,0
201509,3,107.5854,-12.425061780863134,0
201510,3,111.31081,-12.342166253357723,0
201511,3,100.97156,-12.58866525291673,0
201512,3,86.95417,-12.107294107943433,0
201601,3,86.99451,-12.926488202746356,0
201602,3,86.77544,-9.164408916885147,0
201603,3,96.59313,-10.60494217690412,0
201604,3,95.70255,-5.167829147303138,0
201605,3,98.84264,-6.7189180287489325,0
201606,3,100.97518,-4.138794815804891,0
201607,3,102.83264,-5.6643944016929515,0
201608,3,107.16804,-3.685090049841644,0
201609,3,104.30087,-3.052951422776695,0
201610,3,103.44821,-7.0636445822288,0
201611,3,98.94276,-2.0092786523254524,0
201612,3,85.95758,-1.1461094965313445,0
201701,3,87.31177,0.36468967984299994,0
201702,3,85.93189,-0.9721068541974631,0
201703,3,97.61018,1.0529216725868595,0
201704,3,89.97133,-5.988576061975371,0
201705,3,103.14246,4.350167093877699,0
201706,3,101.07697,0.10080695077741009,0
201707,3,105.62847,2.7188157378824407,0
201708,3,111.62361,4.157554808317854,0
201709,3,107.05565,2.6411860227052664,0
201710,3,109.62645,5.9723024690325754,0
201711,3,104.21145,5.324987902096123,0
201712,3,91.43774,6.375423784615641,0
201801,3,93.07468,6.600381598036553,0
201802,3,88.53009,3.0235573778256253,0
201803,3,99.06503,1.4904695391402711,0
201804,3,99.55356,10.650314939214534,0
201805,3,95.54747,-7.363592064800462,0
201806,3,104.50072,3.387270117020713,0
201807,3,110.27193,4.396030729215328,0
201808,3,113.66492,1.828743936878574,0
201809,3,104.32205,-2.5534383285702345,0
201810,3,110.10278,0.43450280475194614,0
201811,3,102.52164,-1.6215204759169932,0
201812,3,86.68646,-5.19619141942923,0
201901,3,90.76961,-2.4765811711627728,0
201902,3,92.11431,4.048589581237305,0
201903,3,94.08602,-5.026001607227082,0
201904,3,98.61882,-0.9389317669805108,0
201905,3,106.74015,11.71426098461843,0
201906,3,99.8062,-4.492332684406386,0
201907,3,108.54167,-1.5690847163008725,0
201908,3,111.30864,-2.073005462019417,0
201909,3,106.08891,1.6936592024408892,0
201910,3,112.87529,2.5181108051949286,0
201911,3,101.92664,-0.5803652770283385,0
201912,3,87.23675,0.6348050202996003,0
202001,3,92.18551,1.5598833133688705,0
202002,3,91.78329,-0.3593578457028124,0
202003,3,90.0405,-4.299809897368401,0
202004,3,67.29175,-31.765813056777603,0
202005,3,81.4573,-23.686354197553584,0
202006,3,90.21584,-9.608982207518169,0
202007,3,105.13738,-3.1363899228747827,0
202008,3,108.53601,-2.490938708801038,0
202009,3,111.40305,5.009138089928533,0
202010,3,114.1724,1.1491531937592336,0
202011,3,106.11261,4.106845864829833,0
202012,3,96.16315,10.232384860738165,0
202101,3,94.62264,2.6437235092586775,0
202102,3,92.84865,1.1607341597800858,0
202103,3,100.80049,11.95016686935324,0
202104,3,94.42521,40.32211972492916,0
202105,3,102.6202,25.98036026237058,0
202106,3,102.17523,13.256419271826324,0
202107,3,107.22375,1.984422666800345,0
202108,3,108.06605,-0.4329991493145946,0
202109,3,105.86333,-4.972682525298888,0
202110,3,104.83996,-8.173989510599755,0
202111,3,100.39026,-5.3927144002960725,0
202112,3,90.51574,-5.872738153856238,0
202201,3,89.14802,-5.785740072354784,0
202202,3,90.17731,-2.877090835461793,0
202203,3,98.55714,-2.2255348163486066,0
202204,3,94.4352,0.010579801728782812,0
202205,3,103.94214,1.2881869261607282,0
202206,3,102.37802,0.19847276096174316,0
202207,3,107.39005,0.15509623567540043,0
202208,3,111.39185,3.0775622871382913,0
202209,3,105.63701,-0.21378507553088122,0
202210,3,104.70595,-0.12782339863540715,0
202211,3,101.9312,1.5349497052801864,0
202212,3,90.30612,-0.23158403168331843,0
202301,3,89.12758,-0.022928159256940805,0
202302,3,86.73356,-3.8188652999296746,0
202303,3,99.15832,0.6099811743725425,0
202304,3,91.08177,-3.551038172206966,0
202305,3,104.39318,0.43393372505127203,0
202306,3,100.61386,-1.7231823784050526,0
202307,3,104.17277,-2.9958827656752174,0
202308,3,111.42609,0.030738334985902505,0
202309,3,104.79031,-0.8015183315014274,0
202310,3,106.08131,1.313545218776957,0
202311,3,101.14467,-0.771628314000028,0
202312,3,88.15062,-2.386881420661191,0
202401,3,91.84751,3.0517265250554315,0
202402,3,91.66259,5.682955940007539,0
202403,3,95.48073,-3.708806280703436,0
202404,3,100.3298,10.15354664275847,0
202405,3,102.96503,-1.368049138842209,0
202406,3,104.26926,3.633097865443191,0
202407,3,111.81701,7.338040449533967,0
202408,3,113.36588,1.7408759474554003,0
202409,3,109.51585,4.509520011917134,0
202410,3,114.16574,7.620974891807042,0
202411,3,104.08874,2.9107515007958273,0
202412,3,91.0932,3.338127400578683,0
202501,3,94.25886,2.6253841829789293,0
202502,3,93.61124,2.1258945443282773,0
202503,3,98.40778,3.0655923975445143,0
202504,3,98.13688,-2.185711523395839,0
202505,3,105.40055,2.3653856071328194,0
202506,3,101.88002,-2.2914135959150372,0
202507,3,110.85498,-0.8603610488243207,0
202508,3,111.43643,-1.701967117443104,0
202509,3,111.08907,1.436522658592354,0
202510,3,111.74786,-2.1178682851790698,0
202511,3,101.47002,-2.5158532997901606,0
202512,3,89.64306,-1.5919300233167677,0
202601,3,92.53303,-1.8309472446409791,0
202602,3,91.2033,-2.5722765770435196,0
202603,3,102.66665,4.32777774277604,0
202604,3,99.41776,1.3051973936811567,0
202605,3,104.97463,-0.40409656306347186,0
202606,3,102.85362,0.9556338917090956,0
202607,3,109.66804,-1.070714188934041,0
200201,4,82.51886,,0
200202,4,76.09358,,0
200203,4,80.9984,,0
200204,4,86.08528,,0
200205,4,94.72804,,0
200206,4,99.62395,,0
200207,4,112.12922,,0
200208,4,114.56927,,0
200209,4,108.95013,,0
200210,4,118.02738,,0
200211,4,100.39446,,0
200212,4,88.06235,,0
200301,4,83.98681,1.7789266599175013,0
200302,4,76.41467,0.4219672671465835,0
200303,4,80.72289,-0.3401425213337528,0
200304,4,82.431,-4.244953376465754,0
200305,4,95.3397,0.6457011039181282,0
200306,4,96.40925,-3.2268345111792884,0
200307,4,107.78555,-3.8738073804490902,0
200308,4,110.68558,-3.3898182296177692,0
200309,4,112.83456,3.56532846725377,0
200310,4,114.43742,-3.041633221037343,0
200311,4,97.89198,-2.492647502660994,0
200312,4,86.26911,-2.0363299412291425,0
200401,4,82.92487,-1.2644128286334544,0
200402,4,77.7984,1.81081721611831,0
200403,4,88.24046,9.312810777711245,0
200404,4,84.25592,2.21387584767867,0
200405,4,95.95495,0.6453240360521306,0
200406,4,102.53152,6.350293151331443,0
200407,4,109.92295,1.9830116374597528,0
200408,4,115.49175,4.342182604093492,0
200409,4,117.6081,4.230565528859231,0
200410,4,112.88047,-1.3605252547637003,0
200411,4,108.42152,10.756284631284396,0
200412,4,95.99557,11.274557022786036,0
200501,4,87.33044,5.31272463857948,0
200502,4,78.90929,1.4279085431062821,0
200503,4,88.16565,-0.08477970309764826,0
200504,4,89.83269,6.6188464858018214,0
200505,4,98.84297,3.0097665623294967,0
200506,4,105.5039,2.898991451604349,0
200507,4,108.27952,-1.4950745044597147,0
200508,4,116.85684,1.1819805310768983,0
200509,4,112.345,-4.475116934973011,0
200510,4,112.08193,-0.7074208674007099,0
200511,4,106.91272,-1.3916056517193298,0
200512,4,94.31018,-1.7556956013699332,0
200601,4,87.34126,0.012389723445815903,0
200602,4,79.55541,0.8188136023020709,0
200603,4,89.52313,1.5396926127125399,0
200604,4,84.1953,-6.275432696048622,0
200605,4,105.27933,6.511702349696713,0
200606,4,109.14401,3.450213688783066,0
200607,4,114.48488,5.730871359607059,0
200608,4,119.74565,2.472093203957937,0
200609,4,114.50057,1.918705772397522,0
200610,4,115.36788,2.9317393089144606,0
200611,4,107.92251,0.9444994010067376,0
200612,4,93.75279,-0.5910178519434428,0
200701,4,92.28112,5.65581490351752,0
200702,4,83.3034,4.711169234122492,0
200703,4,93.23092,4.141711756503597,0
200704,4,88.23001,4.792084593795609,0
200705,4,106.97596,1.611550909376036,0
200706,4,109.18689,0.039287543127652924,0
200707,4,113.02626,-1.2740721744216477,0
200708,4,123.17606,2.8647470701441025,0
200709,4,115.79954,1.1344659681606695,0
200710,4,123.03903,6.649294413661755,0
200711,4,108.18189,0.24033910997807162,0
200712,4,95.62106,1.992762028735351,0
200801,4,96.53262,4.607117902340141,0
200802,4,88.35309,6.061805400499853,0
200803,4,90.99287,-2.4005447977988426,0
200804,4,94.69347,7.325693378024112,0
200805,4,107.35684,0.356042609947127,0
200806,4,108.99335,-0.17725571265927442,0
200807,4,117.92447,4.333692011042389,0
200808,4,114.25586,-7.2418292970241165,0
200809,4,116.59091,0.6833964970845319,0
200810,4,118.83251,-3.4188500998422966,0
200811,4,108.49807,0.29226703286473477,0
200812,4,95.60092,-0.021062305730557007,0
200901,4,90.99031,-5.741385658029385,0
200902,4,84.58807,-4.261333700949221,0
200903,4,92.71724,1.8950605690314148,0
200904,4,93.11481,-1.66712657166328,0
200905,4,105.10437,-2.0981150339372867,0
200906,4,106.49805,-2.28940572979911,0
200907,4,114.28703,-3.084550645001838,0
200908,4,114.66096,0.35455511866087086,0
200909,4,113.38316,-2.7512865282550703,0
200910,4,118.96927,0.11508635136967538,0
200911,4,108.58509,0.08020419165060133,0
200912,4,95.08924,-0.5352249748224125,0
201001,4,89.74384,-1.3698931237842715,0
201002,4,84.59206,0.004716977228591546,0
201003,4,100.73436,8.646849280673141,0
201004,4,100.98971,8.457193866367763,0
201005,4,113.07473,7.583281266040598,0
201006,4,115.46661,8.42133729209127,0
201007,4,122.81199,7.459254125336878,0
201008,4,125.80517,9.719271493976667,0
201009,4,119.63314,5.51226478429423,0
201010,4,116.95247,-1.6952276835858426,0
201011,4,110.23663,1.5209638818736604,0
201012,4,93.76155,-1.396256821486852,0
201101,4,89.1381,-0.6749655463818005,0
201102,4,89.88873,6.261426899876876,0
201103,4,98.50158,-2.216502889381533,0
201104,4,92.55563,-8.351425110538502,0
201105,4,112.88984,-0.1635113344953365,0
201106,4,113.45224,-1.7445476229015489,0
201107,4,122.2811,-0.4322786398950118,0
201108,4,125.51899,-0.22747872762304278,0
201109,4,124.01079,3.6592285381793044,0
201110,4,117.03657,0.07190955436853219,0
201111,4,110.43955,0.18407674472631363,0
201112,4,98.64758,5.211123322939959,0
201201,4,86.78727,-2.6372897784448956,0
201202,4,82.56156,-8.151377820111595,0
201203,4,88.60146,-10.050722029027348,0
201204,4,82.62131,-10.73335031051056,0
201205,4,106.93496,-5.274947683511644,0
201206,4,103.62712,-8.66013751689697,0
201207,4,124.28255,1.6367615273333413,0
201208,4,135.60995,8.03938909960955,0
201209,4,123.19617,-0.656894452490786,0
201210,4,132.3744,13.10516020761716,0
201211,4,118.59783,7.3871000017656785,0
201212,4,94.10733,-4.602495063741053,0
201301,4,89.07204,2.6326095981588082,0
201302,4,80.14105,-2.9317638862443873,0
201303,4,83.25727,-6.03171776176149,0
201304,4,95.3443,15.39916275837312,0
201305,4,111.72254,4.477095236207118,0
201306,4,105.6549,1.9568043577781413,0
201307,4,125.06235,0.6274412618666014,0
201308,4,135.18666,-0.312137863040296,0
201309,4,126.65332,2.806215485432695,0
201310,4,125.99234,-4.821219208547889,0
201311,4,114.66285,-3.317919054674101,0
201312,4,94.82215,0.7595795141568606,0
201401,4,88.13441,-1.052664786839952,0
201402,4,81.9821,2.2972621396899484,0
201403,4,87.55769,5.165218604933819,0
201404,4,92.01264,-3.494346279746141,0
201405,4,115.42024,3.3097170902129713,0
201406,4,115.34361,9.170147338173628,0
201407,4,124.99253,-0.055828152917314355,0
201408,4,130.69919,-3.319462142196572,0
201409,4,119.75042,-5.450232177095704,0
201410,4,126.23148,0.18980518974407445,0
201411,4,103.58682,-9.659650008699415,0
201412,4,88.96163,-6.180539040719912,0
201501,4,86.0739,-2.3379177326994127,0
201502,4,79.4331,-3.1092153043164372,0
201503,4,88.44839,1.0172721550785635,0
201504,4,91.29085,-0.784446571688413,0
201505,4,104.93185,-9.087132378168693,0
201506,4,115.13922,-0.17720097368203458,0
201507,4,117.23748,-6.204410775587943,0
201508,4,128.57077,-1.628487521613542,0
201509,4,118.36645,-1.1557120217198458,0
201510,4,125.27278,-0.7594777467554104,0
201511,4,104.36098,0.7473537656624618,0
201512,4,92.08114,3.5065791847564087,0
201601,4,81.87982,-4.872650129714118,0
201602,4,80.03812,0.7616724010519604,0
201603,4,88.44562,-0.003131769837749765,0
201604,4,102.51152,12.291122275671661,0
201605,4,110.17318,4.9949848401605434,0
201606,4,111.79335,-2.905934224671658,0
201607,4,123.48941,5.3327058889358625,0
201608,4,124.94949,-2.8165655381857113,0
201609,4,123.97528,4.7385302169660415,0
201610,4,118.07569,-5.745134737171154,0
201611,4,103.13481,-1.1749314734300076,0
201612,4,89.4122,-2.8984654186514303,0
201701,4,83.47654,1.9500775648993995,0
201702,4,75.97032,-5.082328270579072,0
201703,4,87.32868,-1.2628550741122013,0
201704,4,85.67012,-16.42878771088362,0
201705,4,110.73927,0.5138183358236681,0
201706,4,120.00816,7.348209889049762,0
201707,4,131.81778,6.7441977413285725,0
201708,4,130.5877,4.512391367103641,0
201709,4,129.09911,4.132944890303936,0
201710,4,120.09824,1.7129266828760592,0
201711,4,105.4307,2.2261058123828503,0
201712,4,92.91486,3.9174296125137342,0
201801,4,86.72378,3.890003107459905,0
201802,4,76.07335,0.13561875216532293,0
201803,4,85.80116,-1.74916190190898,0
201804,4,95.50016,11.47429232035626,0
201805,4,94.62934,-14.547621634132145,0
201806,4,115.54681,-3.7175388740232407,0
201807,4,123.1878,-6.546901336071665,0
201808,4,121.88757,-6.662289021094647,0
201809,4,112.85558,-12.582216871983077,0
201810,4,108.10392,-9.98709056852124,0
201811,4,99.17909,-5.929591665425726,0
201812,4,85.74795,-7.713416346965385,0
201901,4,84.63017,-2.414112945722613,0
201902,4,79.60707,4.645148399538068,0
201903,4,82.07474,-4.343088135405148,0
201904,4,90.94731,-4.7673742117290585,0
201905,4,110.92216,17.21751414519006,0
201906,4,108.91386,-5.740487340152445,0
201907,4,120.43074,-2.2380950061613225,0
201908,4,123.68624,1.4756795955485957,0
201909,4,116.87345,3.560187276517479,0
201910,4,122.48456,13.302607343008477,0
201911,4,98.67901,-0.5042191857174694,0
201912,4,86.19354,0.5196509071062394,0
202001,4,84.8125,0.21544326331850439,0
202002,4,79.73236,0.1573855186480344,0
202003,4,84.70325,3.20258096461834,0
202004,4,96.42556,6.023542642437696,0
202005,4,114.2003,2.9553517529770312,0
202006,4,118.93322,9.199343407716887,0
202007,4,131.87248,9.500680640175418,0
202008,4,129.58768,4.77129873137061,0
202009,4,129.82191,11.079043187310722,0
202010,4,123.85596,1.1196513258487473,0
202011,4,97.8249,-0.8655437463347071,0
202012,4,84.75424,-1.6698467193713151,0
202101,4,79.5424,-6.213824613117169,0
202102,4,75.57615,-5.212701593179981,0
202103,4,84.06589,-0.7524622726991059,0
202104,4,87.18457,-9.583548179549084,0
202105,4,108.10163,-5.340327477248308,0
202106,4,109.0823,-8.282732107984636,0
202107,4,118.0707,-10.466004734270562,0
202108,4,119.77968,-7.568620720735186,0
202109,4,112.84195,-13.079425499131858,0
202110,4,100.16102,-19.13104544989196,0
202111,4,91.87479,-6.082408466556055,0
202112,4,85.49602,0.8752128507081292,0
202201,4,88.38364,11.115128535221475,0
202202,4,87.98751,16.42232370926542,0
202203,4,94.75771,12.718380784406147,0
202204,4,87.95111,0.8792152097555794,0
202205,4,101.56427,-6.047420376547519,0
202206,4,102.36877,-6.154554863621331,0
202207,4,111.47217,-5.588626136713004,0
202208,4,113.79165,-4.999203537695207,0
202209,4,106.8993,-5.266348197633953,0
202210,4,107.10411,6.931928209197569,0
202211,4,101.95098,10.967306700782654,0
202212,4,95.76878,12.015483293842234,0
202301,4,92.4449,4.595035913886325,0
202302,4,84.60319,-3.8463641032687512,0
202303,4,95.82717,1.1286258395227122,0
202304,4,89.7396,2.033504750536963,0
202305,4,107.71393,6.054944322447264,0
202306,4,107.34315,4.859274952702863,0
202307,4,115.51824,3.629668284021026,0
202308,4,122.04351,7.251727169787925,0
202309,4,113.82999,6.483382024016993,0
202310,4,111.87744,4.456719728122471,0
202311,4,106.91371,4.867760957275746,0
202312,4,96.82256,1.100337709220045,0
202401,4,96.32382,4.195926438343256,0
202402,4,91.83273,8.54523334167423,0
202403,4,94.5643,-1.3178621470299023,0
202404,4,102.66822,14.406817057352628,0
202405,4,109.59467,1.7460508589743018,0
202406,4,110.39344,2.841625199185982,0
202407,4,117.58757,1.7913448127325982,0
202408,4,118.61946,-2.8055977741053173,0
202409,4,112.61701,-1.0656066999566671,0
202410,4,114.45847,2.3070156056484548,0
202411,4,102.0933,-4.508692103192368,0
202412,4,93.18486,-3.757078928712476,0
202501,4,96.22834,-0.09912397577255261,0
202502,4,91.53859,-0.3202997449819889,0
202503,4,96.07155,1.593889025773998,0
202504,4,96.60482,-5.905819736623464,0
202505,4,111.55732,1.790826141453783,0
202506,4,106.51474,-3.5135239920053185,0
202507,4,119.42575,1.5632434618727098,0
202508,4,118.91633,0.2502709083315624,0
202509,4,120.63712,7.121579590862881,0
202510,4,120.35146,5.148583586693056,0
202511,4,105.68414,3.517214156070958,0
202512,4,98.31978,5.5104659705449865,0
202601,4,98.42442,2.282155132261443,0
202602,4,91.24586,-0.3197886268512584,0
202603,4,101.5726,5.725992762685728,0
202604,4,99.84934,3.358548776344694,0
202605,4,107.30573,-3.8111259754178506,0
202606,4,106.0272,-0.4577206872964368,0
202607,4,116.37867,-2.55144305143572,0
200201,5,62.53335,,0
200202,5,57.82431,,0
200203,5,60.67149,,0
200204,5,62.6314,,0
200205,5,62.29452,,0
200206,5,60.47399,,0
200207,5,60.13841,,0
200208,5,67.30636,,0
200209,5,66.55692,,0
200210,5,83.3463,,0
200211,5,82.91276,,0
200212,5,88.40373,,0
200301,5,62.53776,0.007052236926385902,0
200302,5,60.74646,5.053497395818485,0
200303,5,63.86836,5.269147007927444,0
200304,5,56.65861,-9.53641464185695,0
200305,5,57.99718,-6.898423809991627,0
200306,5,55.98441,-7.4239850884653125,0
200307,5,62.16675,3.3727862110088935,0
200308,5,59.93818,-10.947226978252866,0
200309,5,64.52976,-3.045753920103289,0
200310,5,74.23226,-10.935146491205971,0
200311,5,73.50318,-11.348771889875586,0
200312,5,89.4346,1.166093331129825,0
200401,5,64.96322,3.878392830187738,0
200402,5,61.58043,1.3728701228022278,0
200403,5,63.92537,0.08926172521104281,0
200404,5,64.73978,14.262916086363564,0
200405,5,60.46837,4.2608795806968525,0
200406,5,55.92484,-0.10640462228680425,0
200407,5,62.96125,1.2780143726348836,0
200408,5,64.12414,6.983795637438428,0
200409,5,76.70284,18.864288353156745,0
200410,5,81.70809,10.070864069071849,0
200411,5,81.0911,10.323254041525809,0
200412,5,88.82426,-0.6824428129605375,0
200501,5,72.31495,11.31675738979685,0
200502,5,62.83586,2.038683393409224,0
200503,5,69.00404,7.944686123834721,0
200504,5,71.91775,11.087417967747193,0
200505,5,65.99083,9.132807780332097,0
200506,5,66.97534,19.75955586104492,0
200507,5,62.48914,-0.7498421648235998,0
200508,5,70.89147,10.553482666590153,0
200509,5,76.55939,-0.1870204545229348,0
200510,5,82.13373,0.5209276094937598,0
200511,5,85.01101,4.833958350546497,0
200512,5,93.50011,5.264158688178222,0
200601,5,74.90801,3.585786894687759,0
200602,5,73.22194,16.528905628091994,0
200603,5,75.87663,9.959692215122473,0
200604,5,69.63061,-3.180216288746507,0
200605,5,71.01119,7.607663064701553,0
200606,5,66.85825,-0.17482554026602148,0
200607,5,70.64983,13.059373196686641,0
200608,5,77.25763,8.980149515872649,0
200609,5,82.5853,7.87089604554061,0
200610,5,85.90249,4.588565501652009,0
200611,5,92.47559,8.780721461843587,0
200612,5,101.51314,8.570075479055594,0
200701,5,84.54999,12.871760977230595,0
200702,5,73.85782,0.8684282333956128,0
200703,5,79.90603,5.310462523177417,0
200704,5,77.93214,11.922242243748826,0
200705,5,76.81403,8.171726174424055,0
200706,5,69.31785,3.678827968126619,0
200707,5,70.81459,0.23320650594629289,0
200708,5,81.1138,4.991312832143557,0
200709,5,82.41975,-0.20045940379220806,0
200710,5,92.71619,7.931900460626928,0
200711,5,96.45756,4.305968742670374,0
200712,5,106.63101,5.041583779203362,0
200801,5,90.74524,7.327321978394097,0
200802,5,74.42633,0.7697356894638796,0
200803,5,74.36945,-6.928863816660646,0
200804,5,74.84888,-3.9563394512200145,0
200805,5,75.95121,-1.1232583422585707,0
200806,5,73.16654,5.552235102502445,0
200807,5,73.73277,4.120873961142757,0
200808,5,79.35038,-2.1740073822210215,0
200809,5,85.23181,3.411876400983993,0
200810,5,92.43882,-0.2991602653215075,0
200811,5,94.18662,-2.3543411216290333,0
200812,5,106.72904,0.0919338567645589,0
200901,5,88.28255,-2.713850335290313,0
200902,5,77.73751,4.448936283704974,0
200903,5,86.64937,16.51204896634304,0
200904,5,79.89974,6.748076925132351,0
200905,5,80.34887,5.790111836269629,0
200906,5,74.74743,2.1606734444460596,0
200907,5,78.31406,6.213370255857731,0
200908,5,85.53767,7.797429577526915,0
200909,5,91.25555,7.067478679615036,0
200910,5,103.87553,12.372193846697721,0
200911,5,102.90648,9.258066591624159,0
200912,5,116.1025,8.782483192952938,0
201001,5,103.00611,16.67776927603475,0
201002,5,89.75186,15.455022935517215,0
201003,5,103.20039,19.101142916561308,0
201004,5,88.93517,11.30845982727855,0
201005,5,90.45652,12.579703983391411,0
201006,5,90.20806,20.683828193156618,0
201007,5,88.95339,13.58546600699797,0
201008,5,90.04384,5.268053244845228,0
201009,5,100.41926,10.04181115559546,0
201010,5,108.14111,4.1064339214442525,0
201011,5,109.24841,6.162809183639362,0
201012,5,122.84661,5.808755194763249,0
201101,5,99.18637,-3.7082654611459542,0
201102,5,94.2624,5.025567158162514,0
201103,5,93.20334,-9.687027345536192,0
201104,5,86.49537,-2.7433466422788655,0
201105,5,86.40005,-4.48444180695875,0
201106,5,80.61231,-10.637353247592296,0
201107,5,88.59404,-0.4039756101481773,0
201108,5,96.54789,7.223203719432658,0
201109,5,105.60445,5.163541336592203,0
201110,5,113.87522,5.302433089506842,0
201111,5,112.7126,3.170929444190529,0
201112,5,126.62588,3.0764137488205723,0
201201,5,96.25312,-2.957311574160848,0
201202,5,92.5472,-1.819601452965336,0
201203,5,101.30719,8.694806430756685,0
201204,5,88.78579,2.6480261313409192,0
201205,5,89.64673,3.7577293068696394,0
201206,5,85.82746,6.469421357606553,0
201207,5,85.03196,-4.020676785932786,0
201208,5,101.54526,5.176053044763584,0
201209,5,103.66993,-1.831854623550433,0
201210,5,110.80527,-2.695889412990826,0
201211,5,118.18958,4.859243775762434,0
201212,5,125.951,-0.5329716168606335,0
201301,5,108.69169,12.92277071122474,0
201302,5,91.07524,-1.5904965250164382,0
201303,5,95.4258,-5.805501070555808,0
201304,5,88.19148,-0.6693751331153464,0
201305,5,90.20928,0.6275187059249232,0
201306,5,81.89203,-4.585280748142839,0
201307,5,91.55345,7.669457460465456,0
201308,5,96.96166,-4.513849292423899,0
201309,5,100.13386,-3.4108926281709584,0
201310,5,103.05846,-6.99137324425092,0
201311,5,107.71339,-8.863886308759206,0
201312,5,119.48006,-5.137664647362861,0
201401,5,102.60219,-5.602544223942052,0
201402,5,97.5361,7.093980757009266,0
201403,5,102.62374,7.542970559324624,0
201404,5,91.04006,3.2299945527617835,0
201405,5,93.04885,3.1477581907315866,0
201406,5,89.22086,8.949381276786017,0
201407,5,92.61133,1.1554780295008005,0
201408,5,90.92257,-6.2283277740913245,0
201409,5,96.66727,-3.4619558259314065,0
201410,5,102.45937,-0.5813108404685963,0
201411,5,106.78155,-0.865110642233069,0
201412,5,123.98431,3.769875910674969,0
201501,5,104.6592,2.0048402475619787,0
201502,5,92.01353,-5.66207793832233,0
201503,5,91.43046,-10.907105899668046,0
201504,5,79.61892,-12.545180660030319,0
201505,5,83.1682,-10.618777126208446,0
201506,5,84.80451,-4.949907454377833,0
201507,5,83.4196,-9.925059925173297,0
201508,5,92.20985,1.4157980796187353,0
201509,5,98.64366,2.0445286186317135,0
201510,5,104.23807,1.7360052086988098,0
201511,5,106.65676,-0.11686475800359863,0
201512,5,112.14874,-9.546022395898312,0
201601,5,94.16947,-10.022750030575423,0
201602,5,87.38651,-5.028630028649051,0
201603,5,87.72081,-4.057345877949203,0
201604,5,86.34923,8.453154099553227,0
201605,5,85.72285,3.0716668149605164,0
201606,5,81.72493,-3.6313870571270224,0
201607,5,83.89205,0.566353710638734,0
201608,5,90.96738,-1.347437394161255,0
201609,5,96.49155,-2.181701287239335,0
201610,5,96.78396,-7.151043759731934,0
201611,5,100.8623,-5.4328108223051235,0
201612,5,105.88143,-5.588390917276476,0
201701,5,93.21888,-1.0094460550749695,0
201702,5,86.74487,-0.7342552071252118,0
201703,5,92.34579,5.2723863356938905,0
201704,5,76.59303,-11.298537346540327,0
201705,5,84.48609,-1.4427425126439353,0
201706,5,81.99114,0.3257390370355884,0
201707,5,84.20892,0.3777115948412346,0
201708,5,91.70755,0.8136652940867295,0
201709,5,96.67395,0.18903209659291154,0
201710,5,104.52212,7.9952917818200575,0
201711,5,104.4721,3.57893881063589,0
201712,5,109.60318,3.5150167503404495,0
201801,5,102.50851,9.965395422043265,0
201802,5,88.90238,2.4871903087755998,0
201803,5,87.74184,-4.985554836879946,0
201804,5,85.572,11.722959647894848,0
201805,5,73.26523,-13.28131056840245,0
201806,5,94.36455,15.091154971134667,0
201807,5,95.42307,13.317057147865086,0
201808,5,93.00421,1.413907579037943,0
201809,5,86.4594,-10.565979770144907,0
201810,5,102.29823,-2.1276740272776706,0
201811,5,100.01195,-4.269225946448863,0
201812,5,106.67909,-2.6678879207701733,0
201901,5,103.6637,1.126921072211462,0
201902,5,93.48265,5.152021801891027,0
201903,5,96.57508,10.067306543833588,0
201904,5,89.86846,5.020871313046316,0
201905,5,91.15111,24.412507815781105,0
201906,5,89.0709,-5.609786726053379,0
201907,5,87.61125,-8.186510872056408,0
201908,5,89.08245,-4.216755349032053,0
201909,5,95.6261,10.602317388277038,0
201910,5,106.86499,4.464163260693765,0
201911,5,107.29093,7.278110265823234,0
201912,5,113.32849,6.233086540202026,0
202001,5,105.14633,1.4302306400408193,0
202002,5,97.65172,4.459725949146698,0
202003,5,77.92541,-19.31105829785489,0
202004,5,44.19175,-50.82618529348339,0
202005,5,75.9599,-16.66596270742068,0
202006,5,96.4105,8.240177207146226,0
202007,5,101.97327,16.39289474810599,0
202008,5,100.38139,12.68368797670023,0
202009,5,109.43024,14.435535904946462,0
202010,5,117.95757,10.379994420997928,0
202011,5,118.33002,10.288931226525854,0
202012,5,116.08878,2.435654088393835,0
202101,5,104.07647,-1.0174962835127088,0
202102,5,91.96616,-5.822283519430071,0
202103,5,89.56841,14.941211088911821,0
202104,5,84.55607,91.33903952660849,0
202105,5,94.47158,24.370332241090352,0
202106,5,94.77881,-1.6924401387815702,0
202107,5,86.33958,-15.331164725814917,0
202108,5,93.92562,-6.431241886568817,0
202109,5,102.13735,-6.664419268385046,0
202110,5,107.51348,-8.854107455757187,0
202111,5,104.02489,-12.089180750582152,0
202112,5,111.36594,-4.068300140633752,0
202201,5,95.7613,-7.9894811958937435,0
202202,5,89.6233,-2.5475240023069334,0
202203,5,101.81843,13.67671928082681,0
202204,5,96.27869,13.863723798894622,0
202205,5,101.77282,7.728504170248862,0
202206,5,94.09845,-0.7178397787437896,0
202207,5,95.99113,11.17859271495183,0
202208,5,100.92947,7.456804650317994,0
202209,5,101.82363,-0.3071550221344088,0
202210,5,102.52198,-4.642673644272333,0
202211,5,108.71531,4.508940120003979,0
202212,5,110.66549,-0.6289624996655085,0
202301,5,99.98073,4.406195404615421,0
202302,5,96.24866,7.392452632295399,0
202303,5,103.94707,2.090623475533837,0
202304,5,88.64019,-7.9337390236614125,0
202305,5,97.70744,-3.994563577976895,0
202306,5,90.59412,-3.7241102271078796,0
202307,5,91.40161,-4.78119176219719,0
202308,5,98.46973,-2.437087998183285,0
202309,5,102.75076,0.9105253859050366,0
202310,5,111.2708,8.533604208580448,0
202311,5,114.58026,5.394778343547002,0
202312,5,114.87726,3.8058567309465774,0
202401,5,109.94181,9.962999870074984,0
202402,5,104.18355,8.244156334228435,0
202403,5,101.56058,-2.295870388650678,0
202404,5,93.20471,5.149492572161685,0
202405,5,96.55095,-1.1836253206511271,0
202406,5,95.58952,5.514044399349527,0
202407,5,98.99347,8.306046250169995,0
202408,5,99.18611,0.727512911835948,0
202409,5,102.48703,-0.2566696343657138,0
202410,5,107.05362,-3.7900149904557145,0
202411,5,104.8705,-8.474199657078795,0
202412,5,111.59373,-2.8582941480324364,0
202501,5,104.99638,-4.498225015578694,0
202502,5,97.82305,-6.105090486933884,0
202503,5,102.4001,0.8266199346242287,0
202504,5,96.17439,3.186190912454956,0
202505,5,99.7783,3.342639300804384,0
202506,5,90.64319,-5.174552607859095,0
202507,5,90.37422,-8.70688743409036,0
202508,5,94.23854,-4.988168202180732,0
202509,5,101.22266,-1.2336878139604601,0
202510,5,106.19993,-0.7974415064151974,0
202511,5,101.20696,-3.4933942338407964,0
202512,5,109.80069,-1.6067569387634872,0
202601,5,106.86794,1.7824995490320683,0
202602,5,103.86651,6.177950902164686,0
202603,5,105.00899,2.547741652596036,0
202604,5,94.39683,-1.8482675065576326,0
202605,5,96.68666,-3.0985093953294407,0
202606,5,93.26564,2.8931572244975,0
202607,5,94.90007,5.007899376614255,0
200201,6,76.39757,,0
200202,6,109.88529,,0
200203,6,206.75265,,0
200204,6,236.35534,,0
200205,6,220.23175,,0
200206,6,187.03269,,0
200207,6,145.15693,,0
200208,6,74.67845,,0
200209,6,64.05228,,0
200210,6,62.05218,,0
200211,6,65.85889,,0
200212,6,59.09579,,0
200301,6,68.32045,-10.572482868237831,0
200302,6,119.64925,8.88559333100909,0
200303,6,229.93473,11.212470553581788,0
200304,6,218.07717,-7.7333433634289905,0
200305,6,212.75986,-3.3927396935273912,0
200306,6,154.51522,-17.385982097568075,0
200307,6,81.65162,-43.749416579697574,0
200308,6,61.29818,-17.91717690980463,0
200309,6,56.98015,-11.041183857936044,0
200310,6,64.58815,4.086834660764538,0
200311,6,61.84448,-6.095471697139143,0
200312,6,57.13821,-3.3125540753410676,0
200401,6,64.38658,-5.7579685145516475,0
200402,6,85.14859,-28.83483181047938,0
200403,6,221.20159,-3.7980952246752797,0
200404,6,242.24012,11.079999800070773,0
200405,6,251.14819,18.043032177216123,0
200406,6,225.48545,45.93089923439258,0
200407,6,229.33762,180.87332498730584,0
200408,6,115.76466,88.85497089799404,0
200409,6,59.82071,4.985174661702363,0
200410,6,57.43514,-11.074802421187169,0
200411,6,56.482,-8.670911292325522,0
200412,6,55.78396,-2.3701302508426503,0
200501,6,61.56038,-4.3894240073008906,0
200502,6,72.5608,-14.783321720300947,0
200503,6,170.49287,-22.924211349475378,0
200504,6,234.12166,-3.351410162775681,0
200505,6,266.38561,6.067103250873518,0
200506,6,242.48692,7.539941047193954,0
200507,6,189.53753,-17.354366021588596,0
200508,6,150.4234,29.938964101825192,0
200509,6,65.71201,9.848261580312245,0
200510,6,64.04649,11.510984390392377,0
200511,6,60.85474,7.741829255337995,0
200512,6,58.62061,5.085063878577278,0
200601,6,69.92981,13.595481379419683,0
200602,6,110.60097,52.425235113174054,0
200603,6,195.87783,14.889162227135945,0
200604,6,214.41124,-8.4188793125762,0
200605,6,268.12849,0.6542695755975769,0
200606,6,245.6355,1.2984535413291587,0
200607,6,219.06585,15.579141503004724,0
200608,6,160.02151,6.380729328016788,0
200609,6,65.72212,0.015385315408855682,0
200610,6,66.31054,3.535010271445005,0
200611,6,64.21562,5.522790829440738,0
200612,6,58.33033,-0.49518420227971927,0
200701,6,68.66577,-1.807583918789435,0
200702,6,107.21788,-3.0588248909571125,0
200703,6,219.18667,11.899682572550452,0
200704,6,233.70143,8.99681845037601,0
200705,6,265.32378,-1.0460320721606298,0
200706,6,219.85136,-10.496911073521542,0
200707,6,174.02872,-20.558717846711396,0
200708,6,117.09609,-26.824781243471584,0
200709,6,59.13975,-10.015455983464939,0
200710,6,66.90183,0.891698363487925,0
200711,6,65.21095,1.5499811416599174,0
200712,6,59.57169,2.1281552838806173,0
200801,6,70.87859,3.2225954795235046,0
200802,6,104.63473,-2.409253008919776,0
200803,6,184.77049,-15.701766900332025,0
200804,6,225.58958,-3.471031392490831,0
200805,6,209.67416,-20.97423005205188,0
200806,6,199.89951,-9.075154231477123,0
200807,6,200.52418,15.224762901203892,0
200808,6,94.61758,-19.196635856927415,0
200809,6,63.63214,7.596227579589021,0
200810,6,67.24734,0.5164432721795453,0
200811,6,67.39336,3.346692541666707,0
200812,6,57.3404,-3.745554306080612,0
200901,6,67.45073,-4.836241804471575,0
200902,6,98.06525,-6.278488987356301,0
200903,6,177.18056,-4.107760930871585,0
200904,6,228.31653,1.208810265084037,0
200905,6,215.56106,2.807642105255126,0
200906,6,203.30089,1.7015449412557393,0
200907,6,188.64697,-5.923081196492108,0
200908,6,108.39762,14.563931988114675,0
200909,6,55.82042,-12.276374800533196,0
200910,6,58.24969,-13.379934433094299,0
200911,6,56.38021,-16.34159507702243,0
200912,6,52.25281,-8.872609887618509,0
201001,6,56.92593,-15.603685831124425,0
201002,6,90.86503,-7.3422746589643095,0
201003,6,169.90024,-4.108983513766984,0
201004,6,183.53866,-19.612189270746192,0
201005,6,195.67016,-9.227501479163259,0
201006,6,181.92463,-10.514592434888016,0
201007,6,177.0872,-6.1277263027336275,0
201008,6,96.94083,-10.56922651991805,0
201009,6,58.61661,5.009260052145792,0
201010,6,59.45167,2.063495960236006,0
201011,6,60.95601,8.115968351306257,0
201012,6,56.12098,7.402798050478054,0
201101,6,60.19987,5.751227955344773,0
201102,6,73.01967,-19.63941463509119,0
201103,6,142.72935,-15.99226110569354,0
201104,6,209.07796,13.914943042517592,0
201105,6,235.26338,20.234674515521434,0
201106,6,220.26315,21.07384799958092,0
201107,6,208.09441,17.50957155570816,0
201108,6,173.16284,78.62735443878495,0
201109,6,71.30103,21.639634226544313,0
201110,6,62.05408,4.377353907804449,0
201111,6,61.6637,1.160984782304486,0
201112,6,57.6472,2.719517727594911,0
201201,6,78.10239,29.738469534901,0
201202,6,81.53071,11.655818219939906,0
201203,6,127.65163,-10.563853895502229,0
201204,6,159.03956,-23.932890869989354,0
201205,6,157.39345,-33.09904414363171,0
201206,6,146.05407,-33.691100849143396,0
201207,6,154.99697,-25.516033804079598,0
201208,6,145.71621,-15.850184716305183,0
201209,6,84.50256,18.51520237505686,0
201210,6,82.14741,32.38035275037514,0
201211,6,76.13071,23.461144887510788,0
201212,6,70.6703,22.59103651174732,0
201301,6,33.4432,-57.180311639631,0
201302,6,49.14487,-39.72225925666537,0
201303,6,109.66394,-14.09123408764933,0
201304,6,166.41916,4.640103380567706,0
201305,6,157.10436,-0.18367346290457665,0
201306,6,150.69451,3.1772069070036935,0
201307,6,162.55975,4.8793082858329395,0
201308,6,114.19209,-21.633914305072853,0
201309,6,75.84124,-10.249772314590233,0
201310,6,82.28459,0.16699248339053785,0
201311,6,81.30518,6.7968235157664925,0
201312,6,69.33343,-1.8916999078820829,0
201401,6,38.1741,14.146074538321706,0
201402,6,52.40685,6.637478133526442,0
201403,6,94.97489,-13.394603549717433,0
201404,6,131.07403,-21.238618197568126,0
201405,6,157.32455,0.14015524457753337,0
201406,6,146.44285,-2.821376837152201,0
201407,6,159.75565,-1.7249657433651366,0
201408,6,153.66449,34.56666744605516,0
201409,6,87.49891,15.371148994926775,0
201410,6,77.57145,-5.727852566318914,0
201411,6,73.75442,-9.286935961521758,0
201412,6,60.91325,-12.144473452416838,0
201501,6,34.96612,-8.403551098781648,0
201502,6,30.00061,-42.75441092147305,0
201503,6,86.08927,-9.355757084846328,0
201504,6,125.11802,-4.544004636158661,0
201505,6,139.81268,-11.131047252320114,0
201506,6,137.72623,-5.952233243207172,0
201507,6,163.01784,2.0419872473993905,0
201508,6,122.10862,-20.53556420224347,0
201509,6,81.40023,-6.970006826370756,0
201510,6,85.41759,10.11472648764462,0
201511,6,62.93537,-14.669019158445007,0
201512,6,50.21694,-17.559906916803815,0
201601,6,42.47658,21.479249055943296,0
201602,6,54.82699,82.75291735734707,0
201603,6,101.07323,17.405142359785366,0
201604,6,112.73774,-9.894881648542707,0
201605,6,103.72604,-25.810706153404684,0
201606,6,109.51172,-20.485937936441,0
201607,6,95.88328,-41.182339307158045,0
201608,6,71.68904,-41.29076227378542,0
201609,6,42.90797,-47.28765508402126,0
201610,6,46.06923,-46.06587472205666,0
201611,6,54.69307,-13.096451168873724,0
201612,6,39.94756,-20.450031403745427,0
201701,6,44.37805,4.476513881296484,0
201702,6,59.03294,7.67131297924617,0
201703,6,96.19997,-4.8215140646044485,0
201704,6,118.56956,5.172908380104113,0
201705,6,145.82509,40.5867706894045,0
201706,6,142.36735,30.00193038699419,0
201707,6,123.75187,29.065119591236343,0
201708,6,116.85451,63.00191772689381,0
201709,6,60.63702,41.3187806367908,0
201710,6,49.79015,8.076800936329963,0
201711,6,49.4337,-9.61615429523338,0
201712,6,47.21774,18.199309294485055,0
201801,6,49.75652,12.119662761207394,0
201802,6,57.45377,-2.6750658191850296,0
201803,6,91.56662,-4.8163736433597615,0
201804,6,111.94299,-5.588761567471446,0
201805,6,114.8995,-21.207317615919173,0
201806,6,134.279,-5.6813237023797925,0
201807,6,129.2912,4.476158622895965,0
201808,6,122.10918,4.49676268378516,0
201809,6,61.24339,0.9999996701684832,0
201810,6,51.88708,4.21153581581899,0
201811,6,52.62859,6.462979708174799,0
201812,6,35.24816,-25.349752021168314,0
201901,6,47.24323,-5.051177212554259,0
201902,6,48.45947,-15.654847366848157,0
201903,6,100.43091,9.680700237706708,0
201904,6,117.26001,4.749756996842769,0
201905,6,128.17281,11.552104230218575,0
201906,6,124.75894,-7.089760871022277,0
201907,6,132.32727,2.348241798359041,0
201908,6,115.62387,-5.311074892157985,0
201909,6,52.39591,-14.446424340651287,0
201910,6,52.60003,1.374041476221044,0
201911,6,53.09448,0.8852412728518777,0
201912,6,37.1404,5.368336957163167,0
202001,6,50.17525,6.206222563529207,0
202002,6,62.45797,28.88702662245377,0
202003,6,86.11292,-14.256557069929965,0
202004,6,95.43378,-18.61353243957594,0
202005,6,129.4982,1.0340648691403498,0
202006,6,134.95698,8.17419577306444,0
202007,6,154.44985,16.718080861186046,0
202008,6,137.56059,18.972483795949735,0
202009,6,84.4373,61.152463999575524,0
202010,6,62.41478,18.65920989018448,0
202011,6,59.13902,11.384497974177354,0
202012,6,55.1123,48.389085739518144,0
202101,6,51.43042,2.501571990174445,0
202102,6,67.30613,7.762275975347888,0
202103,6,120.16611,39.544809303876825,0
202104,6,130.27944,36.512920267854845,0
202105,6,149.22555,15.233686645837551,0
202106,6,142.57524,5.64495441436228,0
202107,6,125.30281,-18.871523669333445,0
202108,6,102.46401,-25.513542795941767,0
202109,6,53.03405,-37.19120578227868,0
202110,6,54.25637,-13.071278950274278,0
202111,6,56.5527,-4.373288566499756,0
202112,6,52.76874,-4.252335685500331,0
202201,6,52.20287,1.5019321249952755,0
202202,6,65.94321,-2.024956716423898,0
202203,6,144.4401,20.20036264800449,0
202204,6,143.3518,10.034092869911015,0
202205,6,156.57371,4.924196962249439,0
202206,6,148.85164,4.4021668839554495,0
202207,6,133.70086,6.702204044745685,0
202208,6,115.99128,13.201972087565196,0
202209,6,70.33943,32.63069669391645,0
202210,6,60.18614,10.929168317010518,0
202211,6,61.02336,7.9052989512437,0
202212,6,47.39558,-10.18246787776248,0
202301,6,54.18981,3.806189199942467,0
202302,6,74.93641,13.637795309024249,0
202303,6,141.64368,-1.936041307088554,0
202304,6,137.72789,-3.923152691490439,0
202305,6,164.59329,5.1219198931927945,0
202306,6,157.7813,5.9990336686918555,0
202307,6,138.44726,3.5500145623595714,0
202308,6,130.34786,12.377292499918946,0
202309,6,66.30011,-5.742611221046278,0
202310,6,63.70154,5.840879644383246,0
202311,6,67.36448,10.391299331927971,0
202312,6,56.44224,19.08756048559801,0
202401,6,58.98893,8.856129962441273,0
202402,6,92.32744,23.207717049695866,0
202403,6,148.84354,5.083078892047999,0
202404,6,163.4346,18.664854300751998,0
202405,6,123.69113,-24.850441959085934,0
202406,6,137.39681,-12.919458769828873,0
202407,6,132.00568,-4.652732022287753,0
202408,6,108.39551,-16.84135819337579,0
202409,6,86.10032,29.86452058676825,0
202410,6,78.42083,23.10664702925549,0
202411,6,64.57226,-4.14494404172644,0
202412,6,47.50298,-15.837890204215842,0
202501,6,56.87515,-3.583350299793542,0
202502,6,83.17506,-9.912957621266216,0
202503,6,132.68088,-10.858825314152021,0
202504,6,155.93415,-4.589266899420319,0
202505,6,162.21885,31.14832890604202,0
202506,6,156.24509,13.718135086251282,0
202507,6,150.25626,13.82560204985117,0
202508,6,142.43559,31.403588580375686,0
202509,6,116.19712,34.955503068978146,0
202510,6,74.18778,-5.397864317426881,0
202511,6,63.15149,-2.2002791910953667,0
202512,6,55.34111,16.500291139629564,0
202601,6,63.75768,12.101119733310606,0
202602,6,80.64874,-3.0373527833944425,0
202603,6,126.808,-4.426319753079722,0
202604,6,149.41997,-4.177519805635899,0
202605,6,164.619,1.479575277472378,0
202606,6,174.79378,11.871534651104865,0
202607,6,185.69487,23.58544662298929,0
200201,7,171.17767,,0
200202,7,170.89122,,0
200203,7,184.3496,,0
200204,7,192.55466,,0
200205,7,183.06361,,0
200206,7,173.72159,,0
200207,7,180.62572,,0
200208,7,189.84355,,0
200209,7,184.58885,,0
200210,7,206.25206,,0
200211,7,200.09561,,0
200212,7,156.84689,,0
200301,7,168.21702,-1.7295772281513244,0
200302,7,170.30276,-0.344347708442827,0
200303,7,179.81729,-2.4585407291363826,0
200304,7,170.28164,-11.567115540075735,0
200305,7,173.9376,-4.9851578912925465,0
200306,7,167.31806,-3.6860876071880266,0
200307,7,172.66417,-4.407760976675967,0
200308,7,179.97546,-5.198011731238694,0
200309,7,184.71199,0.06671042156662921,0
200310,7,198.87279,-3.5777921442336047,0
200311,7,188.95968,-5.565304506180824,0
200312,7,152.74297,-2.6165134673693524,0
200401,7,167.81995,-0.2360462692776233,0
200402,7,168.17251,-1.2508605262768646,0
200403,7,195.91503,8.952275946323063,0
200404,7,183.86752,7.978476129311418,0
200405,7,195.01844,12.119771688237613,0
200406,7,197.70094,18.15875704033385,0
200407,7,211.55103,22.521673141567234,0
200408,7,214.02531,18.919162645840704,0
200409,7,206.70328,11.905718735421566,0
200410,7,214.4985,7.857138223886739,0
200411,7,203.8873,7.899896951561325,0
200412,7,157.65202,3.213928601754956,0
200501,7,171.35507,2.1064956818304337,0
200502,7,177.7517,5.696049847861584,0
200503,7,189.45694,-3.296372922485835,0
200504,7,192.772,4.8428781766350015,0
200505,7,196.08314,0.5459483728820658,0
200506,7,194.12389,-1.8093237189464095,0
200507,7,194.2184,-8.193120118583208,0
200508,7,204.36347,-4.514344588497499,0
200509,7,198.6869,-3.878206480322899,0
200510,7,200.6956,-6.434963414662576,0
200511,7,196.69684,-3.526683613937698,0
200512,7,157.97901,0.2074125025483209,0
200601,7,176.98454,3.285266085211247,0
200602,7,180.84408,1.739718945022739,0
200603,7,203.75703,7.547936750166029,0
200604,7,183.31934,-4.90354408316559,0
200605,7,203.0586,3.5573991726162824,0
200606,7,189.76494,-2.2454474820177928,0
200607,7,198.00263,1.9484405185090647,0
200608,7,206.69513,1.1409377615285266,0
200609,7,193.59157,-2.564502239453137,0
200610,7,203.04397,1.170115338851474,0
200611,7,192.97935,-1.889959187956447,0
200612,7,151.04831,-4.387101805486693,0
200701,7,170.33283,-3.7583565208576974,0
200702,7,177.5598,-1.8160837778046113,0
200703,7,203.66905,-0.043178878294403145,0
200704,7,188.76792,2.97217958563456,0
200705,7,206.63056,1.759078413817483,0
200706,7,196.67467,3.6412047451968688,0
200707,7,203.27134,2.6609293017976654,0
200708,7,209.01793,1.1237807102663755,0
200709,7,196.90738,1.7127863573811686,0
200710,7,211.90236,4.362793930792419,0
200711,7,199.34044,3.2962542365284175,0
200712,7,158.84429,5.161249404246893,0
200801,7,167.88449,-1.437385852157802,0
200802,7,186.30269,4.923912957775367,0
200803,7,195.15897,-4.1783864558704416,0
200804,7,197.85645,4.814658126232452,0
200805,7,192.38512,-6.894159315059689,0
200806,7,193.20997,-1.7616401746091581,0
200807,7,205.32394,1.0097832778590332,0
200808,7,200.83071,-3.916994106677829,0
200809,7,198.14724,0.6296665975648263,0
200810,7,203.83704,-3.806149209475529,0
200811,7,180.83857,-9.28154367473052,0
200812,7,129.57711,-18.425075273401394,0
200901,7,153.04814,-8.837236840639662,0
200902,7,154.05238,-17.310705497596413,0
200903,7,176.42067,-9.601557130579241,0
200904,7,167.27641,-15.45567000721988,0
200905,7,174.8239,-9.128159184036678,0
200906,7,171.29719,-11.341433363920094,0
200907,7,188.96119,-7.9692363199342475,0
200908,7,184.17338,-8.29421456509316,0
200909,7,188.32238,-4.958363285807055,0
200910,7,199.92301,-1.920176038663035,0
200911,7,190.65654,5.429134946156666,0
200912,7,145.63657,12.393747630272035,0
201001,7,164.77494,7.662164336005661,0
201002,7,173.84482,12.847863823979866,0
201003,7,209.08645,18.515846244093748,0
201004,7,186.0571,11.227339228526013,0
201005,7,190.40645,8.913283595663968,0
201006,7,187.39936,9.400136686422012,0
201007,7,192.32998,1.7827946574638043,0
201008,7,189.72145,3.012416886740099,0
201009,7,186.70591,-0.8583525760454069,0
201010,7,185.74417,-7.092150123189922,0
201011,7,180.17693,-5.4965908853690575,0
201012,7,137.62961,-5.497904818824006,0
201101,7,144.83134,-12.103539530950503,0
201102,7,163.03353,-6.218931343482071,0
201103,7,172.30957,-17.58931772001485,0
201104,7,154.72498,-16.840056090307765,0
201105,7,162.37669,-14.721013915232394,0
201106,7,153.09689,-18.304475532894028,0
201107,7,152.67207,-20.61972345653029,0
201108,7,159.46283,-15.948971505330578,0
201109,7,151.32773,-18.948612821093867,0
201110,7,154.16642,-17.000668177095413,0
201111,7,154.49622,-14.253051153663243,0
201112,7,113.00905,-17.88899932216622,0
201201,7,131.68482,-9.077123777215624,0
201202,7,141.70047,-13.08507519894835,0
201203,7,153.7074,-10.79578458700814,0
201204,7,139.02364,-10.147902426615275,0
201205,7,154.70583,-4.724114033855475,0
201206,7,145.59905,-4.89744762287464,0
201207,7,151.14546,-0.999927491649244,0
201208,7,158.66481,-0.500442642338661,0
201209,7,145.19787,-4.050718265581599,0
201210,7,160.71174,4.245619765964603,0
201211,7,153.42172,-0.6954862714440568,0
201212,7,114.47914,1.3008604178160965,0
201301,7,136.72886,3.830388346963609,0
201302,7,136.52477,-3.6525637494357,0
201303,7,149.29286,-2.872041294043104,0
201304,7,154.29053,10.981506454585709,0
201305,7,153.29505,-0.9119113352095365,0
201306,7,146.47497,0.6015973318507228,0
201307,7,152.29814,0.7626295887418477,0
201308,7,154.89689,-2.3747672845667367,0
201309,7,147.745,1.7542474968813337,0
201310,7,161.27991,0.3535335999722333,0
201311,7,149.78032,-2.3734579432429848,0
201312,7,111.67942,-2.445615856303607,0
201401,7,125.7366,-8.039458531285938,0
201402,7,133.77582,-2.013517400542031,0
201403,7,141.76536,-5.042103152153432,0
201404,7,135.7733,-12.00153372990551,0
201405,7,146.5073,-4.427899009133052,0
201406,7,128.99165,-11.93604613812177,0
201407,7,145.87706,-4.216125029498052,0
201408,7,145.6787,-5.951178232177556,0
201409,7,146.65173,-0.7399708958002127,0
201410,7,152.44268,-5.479436341451338,0
201411,7,139.65905,-6.757409785210755,0
201412,7,95.86002,-14.165009094782178,0
201501,7,113.89266,-9.419643922294696,0
201502,7,121.4297,-9.228962304249011,0
201503,7,139.94974,-1.2807218914408947,0
201504,7,126.61962,-6.741885186557306,0
201505,7,121.34801,-17.172721086253027,0
201506,7,116.10623,-9.989344271509049,0
201507,7,118.40764,-18.83052756889946,0
201508,7,115.16314,-20.94716660706061,0
201509,7,113.33715,-22.716799863186065,0
201510,7,118.54936,-22.233484743249075,0
201511,7,112.32597,-19.571291656358834,0
201512,7,75.20515,-21.546907668076855,0
201601,7,89.26628,-21.622446960146526,0
201602,7,105.81747,-12.857011093661598,0
201603,7,116.81557,-16.530341535468374,0
201604,7,112.92352,-10.816728086847839,0
201605,7,113.84536,-6.182754871711538,0
201606,7,115.45815,-0.5581784887856545,0
201607,7,115.44218,-2.504449881781279,0
201608,7,120.389,4.537788740390369,0
201609,7,117.67412,3.8266093685962677,0
201610,7,119.48234,0.7869970786851921,0
201611,7,117.57725,4.67503641410798,0
201612,7,83.87641,11.53014122038185,0
201701,7,99.59617,11.571995606851782,0
201702,7,108.33039,2.374768551922468,0
201703,7,124.88755,6.910020641940129,0
201704,7,111.6169,-1.1570840158011353,0
201705,7,125.1228,9.9059285332314,0
201706,7,120.46075,4.332825357066605,0
201707,7,122.07113,5.742225242108212,0
201708,7,127.4007,5.8242032079342865,0
201709,7,119.92046,1.9089499033432267,0
201710,7,129.32634,8.238874464627987,0
201711,7,121.86319,3.6452119776572367,0
201712,7,92.97456,10.847090379762303,0
201801,7,108.45069,8.890422191937697,0
201802,7,109.63171,1.2012510986067815,0
201803,7,122.36536,-2.0195688040961723,0
201804,7,116.12144,4.035715021649944,0
201805,7,116.58277,-6.825318806804193,0
201806,7,110.699,-8.103676923811287,0
201807,7,121.21945,-0.6976915835873787,0
201808,7,122.04468,-4.204074231931221,0
201809,7,116.28029,-3.035487021981076,0
201810,7,127.9422,-1.0702692119795465,0
201811,7,118.6383,-2.6463200249394414,0
201812,7,82.30062,-11.480495309684713,0
201901,7,103.0291,-4.999129097288357,0
201902,7,112.01351,2.1725466108300173,0
201903,7,113.9679,-6.8626120987181345,0
201904,7,117.80526,1.4500509122174154,0
201905,7,119.16846,2.2179006383190147,0
201906,7,107.11383,-3.238665209261149,0
201907,7,116.92722,-3.540875659805409,0
201908,7,119.61376,-1.9918279108929626,0
201909,7,118.44291,1.859833682905343,0
201910,7,126.4046,-1.2017926845090954,0
201911,7,119.07345,0.36678711680797615,0
201912,7,90.66864,10.167626926747332,0
202001,7,105.39079,2.292255294863299,0
202002,7,116.31316,3.8385101939935717,0
202003,7,100.59518,-11.733760120174185,0
202004,7,55.26207,-53.09032041523443,0
202005,7,62.5222,-47.534607730938205,0
202006,7,82.44365,-23.031741092630142,0
202007,7,109.15776,-6.6446974451287,0
202008,7,120.54513,0.7786478746258041,0
202009,7,130.00888,9.76501674941963,0
202010,7,138.70959,9.734606177306837,0
202011,7,131.9773,10.836882613210609,0
202012,7,116.60681,28.607653098138464,0
202101,7,127.21455,20.707464096246,0
202102,7,123.46596,6.149605083380072,0
202103,7,130.28498,29.51413775491032,0
202104,7,111.731,102.183884896096,0
202105,7,109.94678,75.85238523276534,0
202106,7,108.57694,31.698366096115336,0
202107,7,113.15258,3.6596756840741262,0
202108,7,121.77171,1.0175276263752808,0
202109,7,119.29986,-8.237145031939363,0
202110,7,112.01329,-19.246181897012306,0
202111,7,113.56409,-13.95180080210765,0
202112,7,84.5821,-27.463841948853585,0
202201,7,94.10485,-26.026661258480267,0
202202,7,99.09524,-19.738817079622585,0
202203,7,106.18298,-18.49944636749378,0
202204,7,99.28791,-11.13664963170472,0
202205,7,104.55484,-4.904136346694288,0
202206,7,103.17192,-4.978055192935072,0
202207,7,105.94916,-6.3661120232521355,0
202208,7,107.8612,-11.423433242417314,0
202209,7,105.3258,-11.713391784365879,0
202210,7,105.1965,-6.085697509643717,0
202211,7,96.21104,-15.280402458206632,0
202212,7,73.05855,-13.624100134662065,0
202301,7,90.58469,-3.7406786153954874,0
202302,7,95.36058,-3.768758216842716,0
202303,7,106.71314,0.49928905743650276,0
202304,7,94.46731,-4.855173202860241,0
202305,7,104.46602,-0.0849506345186879,0
202306,7,101.62668,-1.4977331041236885,0
202307,7,105.51285,-0.41181072129312657,0
202308,7,110.24717,2.212074406737541,0
202309,7,108.69842,3.202083440144765,0
202310,7,112.78629,7.214869315994354,0
202311,7,105.48814,9.642448517342705,0
202312,7,74.7773,2.352565168621612,0
202401,7,89.23234,-1.4929123232634622,0
202402,7,100.11492,4.985645011806761,0
202403,7,101.26643,-5.104066846875643,0
202404,7,106.10866,12.323151786580988,0
202405,7,106.7535,2.1896880918790718,0
202406,7,105.20612,3.5221459561603385,0
202407,7,114.92162,8.917179281954768,0
202408,7,115.90135,5.12863958322014,0
202409,7,111.45915,2.539806926356425,0
202410,7,119.14893,5.641323958789668,0
202411,7,111.31175,5.5206300916861295,0
202412,7,85.92481,14.907612336899035,0
202501,7,101.37626,13.609325946176032,0
202502,7,109.37805,9.252497030412643,0
202503,7,111.39226,9.999197167313989,0
202504,7,110.35336,4.000333243299825,0
202505,7,117.0808,9.673968534989474,0
202506,7,113.73644,8.108197507901638,0
202507,7,124.24387,8.111833091110277,0
202508,7,119.60572,3.1961405108741348,0
202509,7,119.29348,7.028880087458056,0
202510,7,124.25932,4.289077543541531,0
202511,7,110.85159,-0.41339750745091886,0
202512,7,74.92805,-12.798119658338491,0
202601,7,92.46288,-8.792374072588593,0
202602,7,102.25611,-6.51130642756933,0
202603,7,115.74268,3.905495767838807,0
202604,7,111.0999,0.6764995646711736,0
202605,7,110.53135,-5.593957335446964,0
202606,7,108.77723,-4.360264836845607,0
202607,7,115.8464,-6.758860618234119,0
200201,8,146.97768,,0
200202,8,157.81697,,0
200203,8,185.05559,,0
200204,8,197.93528,,0
200205,8,190.78067,,0
200206,8,178.6477,,0
200207,8,212.46075,,0
200208,8,223.98323,,0
200209,8,217.333,,0
200210,8,234.7111,,0
200211,8,230.39125,,0
200212,8,148.04356,,0
200301,8,135.9061,-7.532830835266946,0
200302,8,153.58991,-2.6784572026696485,0
200303,8,152.9381,-17.35559028505975,0
200304,8,154.68764,-21.8493843037987,0
200305,8,167.30705,-12.303982368863675,0
200306,8,164.84081,-7.728557378572454,0
200307,8,183.3058,-13.722511099108893,0
200308,8,186.81158,-16.595729064180386,0
200309,8,205.4168,-5.482922519819821,0
200310,8,219.45126,-6.501541682519485,0
200311,8,207.35326,-9.999507359763015,0
200312,8,124.23738,-16.080523867434703,0
200401,8,117.65922,-13.426093457173739,0
200402,8,130.76032,-14.863990740016709,0
200403,8,168.63655,10.264577629773086,0
200404,8,160.43694,3.716715828103667,0
200405,8,164.93794,-1.416025206349647,0
200406,8,176.86061,7.291762276586722,0
200407,8,198.00623,8.019620764863955,0
200408,8,209.67641,12.239514274222184,0
200409,8,215.35976,4.840383065065756,0
200410,8,211.84457,-3.4662320918093514,0
200411,8,211.28546,1.896377225995871,0
200412,8,144.22636,16.089344446896735,0
200501,8,127.70445,8.537562972115564,0
200502,8,138.80234,6.150199081800944,0
200503,8,171.46116,1.6749690384439297,0
200504,8,171.3776,6.819289871771428,0
200505,8,171.73565,4.121374378751175,0
200506,8,176.76394,-0.05465886383634322,0
200507,8,175.00176,-11.618053633968994,0
200508,8,188.35791,-10.167333559364167,0
200509,8,189.8767,-11.83278621781525,0
200510,8,187.05816,-11.700281012631109,0
200511,8,191.17258,-9.519292051615846,0
200512,8,125.34952,-13.088342519356377,0
200601,8,118.41782,-7.2719705538843655,0
200602,8,136.52249,-1.6425155368418043,0
200603,8,165.02534,-3.7535147901717303,0
200604,8,150.13157,-12.397203601870954,0
200605,8,166.64535,-2.96403222045043,0
200606,8,153.56824,-13.122416257524016,0
200607,8,168.35127,-3.8002417804255173,0
200608,8,188.50666,0.0789719953889989,0
200609,8,180.02126,-5.190442007892482,0
200610,8,195.31662,4.414915660455554,0
200611,8,192.95493,0.9323251273796629,0
200612,8,118.32812,-5.601457428795897,0
200701,8,115.84504,-2.172629085723765,0
200702,8,135.4271,-0.8023513195518306,0
200703,8,161.1673,-2.3378470239782456,0
200704,8,150.3756,0.1625440938238354,0
200705,8,180.42646,8.269723697660925,0
200706,8,169.89204,10.629671864442813,0
200707,8,181.52937,7.827740176833831,0
200708,8,198.98218,5.557108698440683,0
200709,8,188.59566,4.762992993160919,0
200710,8,218.20292,11.717538425557429,0
200711,8,207.68036,7.631538618888878,0
200712,8,124.35287,5.091562343760714,0
200801,8,134.61226,16.2002792696174,0
200802,8,146.23468,7.980367297239632,0
200803,8,165.93607,2.9588942670132123,0
200804,8,177.38878,17.963805298199986,0
200805,8,178.24939,-1.206624571584447,0
200806,8,180.61199,6.309860073491369,0
200807,8,201.68494,11.103200545454438,0
200808,8,199.89944,0.4609759527209878,0
200809,8,214.00895,13.475013157778925,0
200810,8,220.33934,0.9790978049239563,0
200811,8,196.15667,-5.548762531035678,0
200812,8,121.5541,-2.2506677972128797,0
200901,8,115.98159,-13.840247537631411,0
200902,8,130.00476,-11.09854379275832,0
200903,8,159.80409,-3.695387024653529,0
200904,8,154.01408,-13.177101731011387,0
200905,8,163.27267,-8.40211570990509,0
200906,8,171.44819,-5.073749533461191,0
200907,8,186.63965,-7.459798436115273,0
200908,8,198.00217,-0.9491122136210062,0
200909,8,186.55844,-12.826804673355952,0
200910,8,206.95153,-6.075996233809178,0
200911,8,202.01521,2.9866636704222183,0
200912,8,127.16278,4.614143002992077,0
201001,8,130.41541,12.444923371028116,0
201002,8,131.51514,1.1617882299078897,0
201003,8,183.55414,14.861978814184296,0
201004,8,172.16992,11.78842869431158,0
201005,8,190.3008,16.55398297829025,0
201006,8,179.76971,4.8536645385407695,0
201007,8,198.03548,6.105792633023066,0
201008,8,204.68275,3.373993325426672,0
201009,8,204.59179,9.666327612945302,0
201010,8,213.08359,2.9630416358845,0
201011,8,213.26126,5.566932311680883,0
201012,8,131.15334,3.1381509589519796,0
201101,8,142.60199,9.344432532934555,0
201102,8,162.83097,23.81157789133632,0
201103,8,174.86735,-4.732549208642201,0
201104,8,172.64907,0.2783006462452997,0
201105,8,189.8943,-0.21360919134340017,0
201106,8,177.11094,-1.4789866435229837,0
201107,8,174.76524,-11.750540862677738,0
201108,8,194.55562,-4.947720313509563,0
201109,8,185.41574,-9.372834559979172,0
201110,8,191.96326,-9.911758103944091,0
201111,8,204.30639,-4.199013923110084,0
201112,8,101.14946,-22.87694693859873,0
201201,8,120.58799,-15.437372227414215,0
201202,8,134.08753,-17.652317615008993,0
201203,8,156.92737,-10.259193611614748,0
201204,8,148.39789,-14.046516439387712,0
201205,8,157.48097,-17.069143202297266,0
201206,8,153.9555,-13.073974989913106,0
201207,8,169.26013,-3.1500028266490565,0
201208,8,179.33526,-7.823140755327451,0
201209,8,163.08088,-12.045827393078923,0
201210,8,189.07092,-1.5067153996030203,0
201211,8,188.43734,-7.7672803087558755,0
201212,8,131.4696,29.97558266747049,0
201301,8,127.92466,6.084080180787499,0
201302,8,124.91404,-6.841419183424435,0
201303,8,149.48944,-4.739727684214678,0
201304,8,165.00544,11.191230549167507,0
201305,8,164.33875,4.354672186741038,0
201306,8,157.10776,2.04751372961669,0
201307,8,170.65098,0.8217233438258642,0
201308,8,176.83705,-1.3930389372396657,0
201309,8,171.99392,5.465410782674218,0
201310,8,190.36224,0.6829818144429733,0
201311,8,174.64939,-7.316994604147986,0
201312,8,108.64994,-17.357366265661422,0
201401,8,126.35052,-1.2305211520593495,0
201402,8,145.8582,16.766858233069737,0
201403,8,147.80781,-1.1249155793211951,0
201404,8,150.82707,-8.592668217484222,0
201405,8,157.936,-3.8960683344615887,0
201406,8,136.94713,-12.832357866982525,0
201407,8,167.46906,-1.8645776309048956,0
201408,8,167.72544,-5.152545804173958,0
201409,8,173.61986,0.9453473704186699,0
201410,8,179.812,-5.5421915606792655,0
201411,8,162.98546,-6.678483102632093,0
201412,8,109.02319,0.34353447411015203,0
201501,8,108.05322,-14.481380844336854,0
201502,8,116.05621,-20.432166309470446,0
201503,8,137.24769,-7.144493920855732,0
201504,8,131.00606,-13.14154680588836,0
201505,8,139.50875,-11.667542548880572,0
201506,8,143.77036,4.982382617291825,0
201507,8,147.61055,-11.858017236139041,0
201508,8,155.9586,-7.015536820174684,0
201509,8,148.46167,-14.490387217222722,0
201510,8,156.46854,-12.98214802126667,0
201511,8,143.57358,-11.91019125264302,0
201512,8,85.70779,-21.385725367236084,0
201601,8,87.82967,-18.71628628929337,0
201602,8,106.34201,-8.370254379321873,0
201603,8,124.74351,-9.110666999204142,0
201604,8,116.77474,-10.863100531379999,0
201605,8,121.41086,-12.972584156907718,0
201606,8,137.48766,-4.369954975420532,0
201607,8,134.27901,-9.031563123367526,0
201608,8,144.23287,-7.518488881023555,0
201609,8,143.03117,-3.6578465000427385,0
201610,8,147.01235,-6.04350881014164,0
201611,8,151.51901,5.534047420145138,0
201612,8,105.15613,22.691449633691406,0
201701,8,97.98251,11.559692755306973,0
201702,8,114.20499,7.3940486925157645,0
201703,8,134.4807,7.805768813143077,0
201704,8,114.03277,-2.3480848683542277,0
201705,8,136.90016,12.757754948774757,0
201706,8,136.05938,-1.0388423222855048,0
201707,8,136.44357,1.611986862280257,0
201708,8,151.52667,5.056961010343897,0
201709,8,145.12091,1.4610381779020631,0
201710,8,164.13587,11.647674498094895,0
201711,8,151.56901,0.03299915964338762,0
201712,8,90.15365,-14.266862045988194,0
201801,8,101.69797,3.79196246350495,0
201802,8,106.47054,-6.772427369417045,0
201803,8,128.55791,-4.40419331547205,0
201804,8,125.65683,10.193613642815125,0
201805,8,114.93148,-16.047227410106757,0
201806,8,128.41373,-5.619347964102161,0
201807,8,138.7682,1.7037299742303835,0
201808,8,146.34174,-3.4217936684017514,0
201809,8,132.94047,-8.39330458994504,0
201810,8,158.2866,-3.5636756304396,0
201811,8,150.55631,-0.6681444973480999,0
201812,8,87.98655,-2.4037850935597183,0
201901,8,99.63783,-2.0257434833753307,0
201902,8,110.17791,3.482061798503122,0
201903,8,113.99982,-11.324149560303209,0
201904,8,127.33502,1.335534248317427,0
201905,8,134.75374,17.247024052940073,0
201906,8,125.00038,-2.6580880408971663,0
201907,8,145.49863,4.8501241638934545,0
201908,8,138.5464,-5.32680559900407,0
201909,8,139.47287,4.913778324990115,0
201910,8,152.90033,-3.4028591175753298,0
201911,8,146.29195,-2.832402042797133,0
201912,8,98.73816,12.219606292098062,0
202001,8,99.46542,-0.17303668696919683,0
202002,8,105.7778,-3.9936408305439763,0
202003,8,82.40251,-27.71698236014758,0
202004,8,42.13606,-66.90929172508866,0
202005,8,53.01294,-60.659392459162916,0
202006,8,66.15942,-47.072624899220315,0
202007,8,95.51555,-34.35295576322608,0
202008,8,106.36452,-23.228232563242358,0
202009,8,122.23147,-12.361830655668015,0
202010,8,140.27277,-8.258687211466443,0
202011,8,145.33469,-0.6543490602182955,0
202012,8,110.59734,12.010736274607513,0
202101,8,106.14331,6.713780527946311,0
202102,8,108.91666,2.9674090404602893,0
202103,8,109.87378,33.337904391504566,0
202104,8,93.27724,121.37152832989133,0
202105,8,104.29599,96.73685330411783,0
202106,8,100.15777,51.38852486917207,0
202107,8,115.7856,21.221727771027865,0
202108,8,116.81013,9.820577388023754,0
202109,8,121.71969,-0.41869741074046507,0
202110,8,123.06345,-12.268468071173045,0
202111,8,130.61771,-10.126267858004178,0
202112,8,79.1055,-28.474319545117442,0
202201,8,85.49643,-19.451890090859237,0
202202,8,94.43344,-13.297524914921176,0
202203,8,105.01446,-4.422638412913438,0
202204,8,94.05446,0.833236489415845,0
202205,8,99.5363,-4.5636366268731905,0
202206,8,100.49952,0.3412116703477075,0
202207,8,105.97958,-8.469118785064811,0
202208,8,113.48944,-2.842809951499925,0
202209,8,113.01698,-7.149796388735464,0
202210,8,108.1391,-12.127361942152604,0
202211,8,108.86717,-16.65206042886527,0
202212,8,71.47313,-9.648343035566443,0
202301,8,78.49503,-8.189113861245435,0
202302,8,83.25897,-11.8331705378942,0
202303,8,97.78377,-6.885423207432573,0
202304,8,82.80454,-11.961070214001545,0
202305,8,89.25063,-10.333586842187215,0
202306,8,95.53158,-4.943247490137271,0
202307,8,94.53939,-10.794711585005334,0
202308,8,104.56358,-7.864925582503535,0
202309,8,101.11399,-10.532036867380457,0
202310,8,103.77573,-4.034960527690723,0
202311,8,105.20292,-3.3657988905195113,0
202312,8,76.09138,6.461519175108199,0
202401,8,75.59523,-3.6942466293725884,0
202402,8,84.00467,0.8956392326256335,0
202403,8,87.13731,-10.88775775366403,0
202404,8,96.70595,16.788221998455644,0
202405,8,90.94654,1.9001658587732173,0
202406,8,90.71823,-5.038490936714335,0
202407,8,105.32776,11.411507943937437,0
202408,8,107.11933,2.4442066731074075,0
202409,8,103.92584,2.7808713710140376,0
202410,8,122.2714,17.82273176975002,0
202411,8,112.8813,7.298637718420742,0
202412,8,79.74206,4.79775764350705,0
202501,8,75.56949,-0.034049767425803346,0
202502,8,87.64523,4.333759063633003,0
202503,8,91.03911,4.47776044498045,0
202504,8,93.31346,-3.508046816147292,0
202505,8,93.69924,3.0267231716566645,0
202506,8,93.6912,3.277147272383951,0
202507,8,106.4572,1.0723099019669613,0
202508,8,104.19646,-2.7286111666307122,0
202509,8,107.85923,3.7848046260679835,0
202510,8,120.72265,-1.266649437235523,0
202511,8,110.29501,-2.29115894306674,0
202512,8,77.59232,-2.6958671496572717,0
202601,8,70.66723,-6.487088903206839,0
202602,8,75.39552,-13.976470824481824,0
202603,8,93.21341,2.388314209134945,0
202604,8,88.00331,-5.690658132278026,0
202605,8,85.67861,-8.559973378652796,0
202606,8,87.2335,-6.892536332120825,0
202607,8,97.71084,-8.215846368305757,0
200201,9,175.11372,,0
200202,9,160.7344,,0
200203,9,191.27271,,0
200204,9,205.2634,,0
200205,9,197.63409,,0
200206,9,153.42793,,0
200207,9,194.0134,,0
200208,9,200.49047,,0
200209,9,217.70576,,0
200210,9,236.67344,,0
200211,9,235.71885,,0
200212,9,181.71404,,0
200301,9,177.14729,1.1612853635911469,0
200302,9,165.90833,3.218931355080179,0
200303,9,166.84697,-12.770112369924592,0
200304,9,176.10426,-14.205718116332466,0
200305,9,168.93166,-14.523015740857259,0
200306,9,150.18944,-2.1107564965518466,0
200307,9,171.08035,-11.820343337109696,0
200308,9,176.61049,-11.910780597202441,0
200309,9,189.96572,-12.741987166531555,0
200310,9,215.28006,-9.039197638738006,0
200311,9,208.84213,-11.402024063837068,0
200312,9,156.17282,-14.05572183635343,0
200401,9,157.7203,-10.966574763858928,0
200402,9,155.47141,-6.290775152760575,0
200403,9,177.5185,6.395998680707238,0
200404,9,157.88373,-10.346444770842,0
200405,9,164.70745,-2.5005437109894,0
200406,9,165.77658,10.37831954097439,0
200407,9,179.52312,4.934973537288179,0
200408,9,190.74899,8.005470116752411,0
200409,9,208.71719,9.87097566866273,0
200410,9,216.24101,0.4463720420739392,0
200411,9,222.01151,6.305901974855366,0
200412,9,176.42003,12.964618299138086,0
200501,9,167.93439,6.476078222017079,0
200502,9,157.10322,1.0495884741767103,0
200503,9,177.84386,0.18328230578785742,0
200504,9,169.53971,7.382635310174135,0
200505,9,166.13469,0.8665303239167477,0
200506,9,165.06024,-0.4321117011824027,0
200507,9,166.63735,-7.177777436131905,0
200508,9,186.18155,-2.394476636547327,0
200509,9,183.73209,-11.97079167269356,0
200510,9,195.80524,-9.450459928946863,0
200511,9,202.81257,-8.64772281401086,0
200512,9,164.25282,-6.896728222980109,0
200601,9,166.03853,-1.128928982324584,0
200602,9,149.74014,-4.686778539612357,0
200603,9,177.95245,0.061059178540090464,0
200604,9,151.58491,-10.590321288151316,0
200605,9,170.69235,2.7433523967811846,0
200606,9,148.63813,-9.949161590944012,0
200607,9,156.5699,-6.0415327056029255,0
200608,9,186.42593,0.13125897813184295,0
200609,9,179.89113,-2.090522129258965,0
200610,9,194.76391,-0.5318192710266567,0
200611,9,207.39405,2.258972409846205,0
200612,9,156.26248,-4.86465924907713,0
200701,9,147.68822,-11.051838389559343,0
200702,9,146.6916,-2.0358869705878524,0
200703,9,162.67768,-8.583624445743787,0
200704,9,153.38466,1.1872883653128774,0
200705,9,163.78204,-4.048400528787621,0
200706,9,150.44298,1.2142577412673328,0
200707,9,155.97283,-0.38134405144284456,0
200708,9,185.16319,-0.6773413977336773,0
200709,9,175.87129,-2.2345960025933587,0
200710,9,208.45195,7.028016638195433,0
200711,9,207.50979,0.055806808343827896,0
200712,9,142.64757,-8.71284648752535,0
200801,9,147.19901,-0.33124510539839225,0
200802,9,153.42683,4.591421731032996,0
200803,9,156.29208,-3.9253080078348823,0
200804,9,154.09889,0.4656463038742009,0
200805,9,144.56242,-11.73487642478992,0
200806,9,135.93793,-9.641559878699567,0
200807,9,152.85477,-1.9991045876387448,0
200808,9,168.34504,-9.082879809966538,0
200809,9,177.60822,0.9876142945218547,0
200810,9,183.94811,-11.755150287632233,0
200811,9,168.40711,-18.84377599726742,0
200812,9,122.18505,-14.344807976749973,0
200901,9,113.81276,-22.68102890094166,0
200902,9,121.7333,-20.657097588472627,0
200903,9,132.91953,-14.954404599388527,0
200904,9,126.7642,-17.73840810923427,0
200905,9,127.43606,-11.847034658108246,0
200906,9,116.78415,-14.090092441454715,0
200907,9,135.29798,-11.485928767548447,0
200908,9,148.13928,-12.002587067608284,0
200909,9,165.10701,-7.038643819525914,0
200910,9,184.15448,0.11218924728282342,0
200911,9,184.57935,9.603062483525804,0
200912,9,147.28972,20.54643346301368,0
201001,9,133.2883,17.11191258343967,0
201002,9,137.76823,13.17218049621589,0
201003,9,164.19507,23.52967994996671,0
201004,9,149.24276,17.732577494276768,0
201005,9,146.22193,14.741408358042452,0
201006,9,130.82532,12.023181227932046,0
201007,9,148.74904,9.94180400919511,0
201008,9,166.73939,12.555825841734869,0
201009,9,167.38104,1.3773067539652128,0
201010,9,169.83346,-7.776634052019804,0
201011,9,175.32245,-5.0151330579504165,0
201012,9,128.90168,-12.484265704354646,0
201101,9,117.47203,-11.866210312533054,0
201102,9,130.44162,-5.3180693400793455,0
201103,9,152.16021,-7.329611053486551,0
201104,9,132.25555,-11.382267387711142,0
201105,9,140.35515,-4.012243580699537,0
201106,9,116.38823,-11.03539437167057,0
201107,9,131.04735,-11.900372600724019,0
201108,9,155.14485,-6.9536898269808916,0
201109,9,149.29742,-10.80386404577246,0
201110,9,148.7264,-12.428092791608902,0
201111,9,151.52092,-13.575859794338951,0
201112,9,103.54866,-19.66849462318877,0
201201,9,106.34851,-9.469079575793494,0
201202,9,127.31839,-2.394350821463276,0
201203,9,142.24968,-6.513220506201978,0
201204,9,127.55824,-3.5516921596106976,0
201205,9,133.83205,-4.647567260624208,0
201206,9,115.7736,-0.5280860444393687,0
201207,9,133.44468,1.8293616772868893,0
201208,9,142.90822,-7.887229257045913,0
201209,9,139.95145,-6.2599675198673825,0
201210,9,155.08641,4.276315435591793,0
201211,9,147.3742,-2.7367310071770845,0
201212,9,97.25668,-6.076350963884991,0
201301,9,117.50238,10.488035986587875,0
201302,9,128.61942,1.0218712316421907,0
201303,9,140.42172,-1.2850362826826833,0
201304,9,146.28162,14.678299104785397,0
201305,9,131.75635,-1.5509737764608844,0
201306,9,117.94421,1.8748747555573875,0
201307,9,141.35737,5.929565719667496,0
201308,9,148.8158,4.133827991140038,0
201309,9,147.50349,5.396185605794024,0
201310,9,167.48307,7.993388975861904,0
201311,9,151.6104,2.874451566149294,0
201312,9,97.21822,-0.039544841547134446,0
201401,9,107.65457,-8.380945134898543,0
201402,9,124.34121,-3.3262550865180263,0
201403,9,135.16259,-3.7452396965369728,0
201404,9,129.13482,-11.721773384790247,0
201405,9,125.92565,-4.4253654567692475,0
201406,9,111.87149,-5.148807219955942,0
201407,9,135.58265,-4.085192020762696,0
201408,9,140.43067,-5.63456971638765,0
201409,9,151.27998,2.5602716247595136,0
201410,9,158.80829,-5.17949665001961,0
201411,9,144.07457,-4.970523130339344,0
201412,9,103.68652,6.6533824626700655,0
201501,9,109.95719,2.1388966580796254,0
201502,9,119.67554,-3.7523118843704406,0
201503,9,133.02982,-1.5779292184324056,0
201504,9,117.32399,-9.146123408078466,0
201505,9,113.68252,-9.722506891963633,0
201506,9,106.80625,-4.527730881210212,0
201507,9,130.52918,-3.727224685459385,0
201508,9,126.21485,-10.123016574655663,0
201509,9,132.61216,-12.339914375980221,0
201510,9,134.23529,-15.473373587739037,0
201511,9,128.89507,-10.53586347680926,0
201512,9,94.22568,-9.124464780957064,0
201601,9,101.45424,-7.7329640744729815,0
201602,9,114.09779,-4.660726828556605,0
201603,9,122.82924,-7.667889800948391,0
201604,9,114.13309,-2.71973361969704,0
201605,9,109.61295,-3.579767584321669,0
201606,9,117.1628,9.696576745274733,0
201607,9,120.82517,-7.434360654069838,0
201608,9,136.32566,8.010792707831138,0
201609,9,130.45831,-1.6241723232620409,0
201610,9,131.23853,-2.232468078997707,0
201611,9,131.29145,1.8591711847474102,0
201612,9,99.39087,5.48172218019547,0
201701,9,106.2725,4.749195302236742,0
201702,9,111.18469,-2.553160757977868,0
201703,9,134.9827,9.89459838715927,0
201704,9,110.10855,-3.5261815832726584,0
201705,9,123.68424,12.837251437900354,0
201706,9,108.62373,-7.288209226819442,0
201707,9,125.6945,4.030062610298835,0
201708,9,136.00566,-0.23473203797436115,0
201709,9,123.57747,-5.274359295318176,0
201710,9,135.15874,2.987087709684033,0
201711,9,131.1846,-0.08138382202345085,0
201712,9,94.28751,-5.134636611994647,0
201801,9,103.05143,-3.030953445152784,0
201802,9,112.01815,0.7496175957319329,0
201803,9,120.57229,-10.67574585483918,0
201804,9,111.86142,1.5919472193576256,0
201805,9,102.88437,-16.816912162778376,0
201806,9,105.93695,-2.4734742583411573,0
201807,9,117.73305,-6.333968471174156,0
201808,9,132.63048,-2.4816467197026904,0
201809,9,127.24618,2.968753123040946,0
201810,9,143.47393,6.152165964258027,0
201811,9,136.35758,3.9432829768128563,0
201812,9,92.78777,-1.5906030395754445,0
201901,9,100.81501,-2.1701979293251905,0
201902,9,109.64896,-2.115005470095699,0
201903,9,116.28432,-3.5563478142448868,0
201904,9,117.63163,5.158355758401778,0
201905,9,110.03427,6.949452088786656,0
201906,9,99.14863,-6.407886955401299,0
201907,9,125.49293,6.5910804145479895,0
201908,9,131.10516,-1.150052386148337,0
201909,9,128.82989,1.2446031778714284,0
201910,9,142.24647,-0.8555282482329729,0
201911,9,133.90855,-1.7960351012389797,0
201912,9,85.58462,-7.763038167637815,0
202001,9,100.53191,-0.2808113593402495,0
202002,9,108.89944,-0.6835632549547221,0
202003,9,85.061,-26.850842830744494,0
202004,9,35.44375,-69.86886095176952,0
202005,9,48.08415,-56.30075066613338,0
202006,9,54.69039,-44.839994259123905,0
202007,9,83.74739,-33.26525247278871,0
202008,9,100.73805,-23.162406422447457,0
202009,9,130.89688,1.6044335673965238,0
202010,9,141.89204,-0.24916611287435497,0
202011,9,144.47551,7.8911764782756855,0
202012,9,103.49902,20.931798260014478,0
202101,9,107.02531,6.4590437006518675,0
202102,9,107.10627,-1.6466292204992072,0
202103,9,102.85399,20.91791772962932,0
202104,9,81.14513,128.94058896138242,0
202105,9,77.18709,60.52501707943261,0
202106,9,86.10979,57.449581178704335,0
202107,9,95.82047,14.416067175347202,0
202108,9,109.10085,8.301530553748048,0
202109,9,109.58978,-16.27777529915152,0
202110,9,116.90818,-17.607654382867434,0
202111,9,118.47077,-17.999410419108408,0
202112,9,82.19652,-20.582320489604633,0
202201,9,82.67798,-22.749132892023393,0
202202,9,90.40247,-15.595538897956207,0
202203,9,104.46667,1.5679313947859486,0
202204,9,90.73415,11.817123221073157,0
202205,9,98.8837,28.109117729402676,0
202206,9,100.58929,16.815161202924788,0
202207,9,96.60372,0.8174140661175944,0
202208,9,116.46593,6.750708175050879,0
202209,9,117.21946,6.962036058471877,0
202210,9,112.96393,-3.3738015594802717,0
202211,9,110.75141,-6.515835087422827,0
202212,9,78.2413,-4.811906878782713,0
202301,9,82.55073,-0.15391038823154846,0
202302,9,89.72215,-0.7525458098655902,0
202303,9,108.88703,4.231359150243796,0
202304,9,91.15187,0.46037792826625346,0
202305,9,103.12245,4.286601330654083,0
202306,9,95.81429,-4.747026249017172,0
202307,9,98.82896,2.303472371457338,0
202308,9,112.14741,-3.7079685020331765,0
202309,9,103.24725,-11.919701728706144,0
202310,9,114.59478,1.4436909197475645,0
202311,9,110.79504,0.03939453231340817,0
202312,9,79.82217,2.020505794254457,0
202401,9,91.0324,10.274494241298648,0
202402,9,100.89673,12.454650273093115,0
202403,9,100.33566,-7.8534330489131605,0
202404,9,104.62233,14.778040209158627,0
202405,9,96.13654,-6.774383269598427,0
202406,9,93.19368,-2.7350930638843085,0
202407,9,113.2685,14.610636396457078,0
202408,9,117.7419,4.9885146701114325,0
202409,9,110.34485,6.87437195663807,0
202410,9,123.21245,7.520124389610072,0
202411,9,110.25254,-0.48964285765861204,0
202412,9,72.11491,-9.655538054152135,0
202501,9,92.44212,1.5485914905022824,0
202502,9,98.2261,-2.6468945029239355,0
202503,9,100.97835,0.6405399635583287,0
202504,9,98.22936,-6.1105215301551885,0
202505,9,101.0185,5.07815238617908,0
202506,9,91.14923,-2.1937646415507994,0
202507,9,109.34201,-3.466533060824506,0
202508,9,107.43362,-8.75498017273375,0
202509,9,113.42614,2.7924184952899944,0
202510,9,118.46554,-3.852622036165987,0
202511,9,101.9229,-7.5550549674411105,0
202512,9,76.11955,5.553137347047943,0
202601,9,83.22399,-9.971785588647252,0
202602,9,88.50024,-9.90150275741376,0
202603,9,100.97687,-0.0014656607084551077,0
202604,9,92.8215,-5.505339747708826,0
202605,9,93.88426,-7.062310368892833,0
202606,9,93.01425,2.0461171202433626,0
202607,9,105.51537,-3.4996978745863494,0
200201,10,108.28328,,0
200202,10,97.90458,,0
200203,10,111.5138,,0
200204,10,114.9755,,0
200205,10,115.73291,,0
200206,10,116.55992,,0
200207,10,125.50038,,0
200208,10,124.18766,,0
200209,10,123.74559,,0
200210,10,132.12225,,0
200211,10,126.96204,,0
200212,10,115.68117,,0
200301,10,121.47534,12.182915035451458,0
200302,10,118.38833,20.92215706354086,0
200303,10,118.84363,6.573025042640457,0
200304,10,118.74908,3.2820731373205625,0
200305,10,123.30017,6.538555022940318,0
200306,10,116.08266,-0.40945463929625836,0
200307,10,124.5812,-0.7324121249672855,0
200308,10,123.35316,-0.6719669248941407,0
200309,10,131.24369,6.059286638012695,0
200310,10,141.27797,6.92973363684013,0
200311,10,131.51332,3.5847565146243543,0
200312,10,121.34196,4.8934411711085035,0
200401,10,125.3246,3.168758366924518,0
200402,10,117.91229,-0.40210044351499663,0
200403,10,142.53493,19.934850525854863,0
200404,10,134.17235,12.988117465836346,0
200405,10,133.3431,8.14510636927752,0
200406,10,133.50233,15.006263640064766,0
200407,10,137.63005,10.47417266810724,0
200408,10,142.55239,15.564441154162578,0
200409,10,143.27851,9.169827517041028,0
200410,10,141.73367,0.32255559730931527,0
200411,10,134.25888,2.0876668614251415,0
200412,10,119.44353,-1.5645288736064633,0
200501,10,128.21706,2.307974651425182,0
200502,10,121.8136,3.3086542547854814,0
200503,10,141.8036,-0.5130882654518554,0
200504,10,135.71321,1.1484184334551895,0
200505,10,136.13965,2.0972588757873556,0
200506,10,133.76656,0.19792163927025985,0
200507,10,127.27294,-7.525326046165071,0
200508,10,129.42718,-9.207288632621314,0
200509,10,123.57638,-13.750931664490373,0
200510,10,119.66746,-15.568784749594066,0
200511,10,126.27174,-5.949059011962565,0
200512,10,110.30303,-7.652570214560795,0
200601,10,122.27034,-4.638009949690003,0
200602,10,116.62272,-4.261330426159304,0
200603,10,124.53693,-12.176468016326803,0
200604,10,120.94592,-10.881247300833873,0
200605,10,122.60166,-9.944193333830365,0
200606,10,120.44062,-9.96208618955291,0
200607,10,116.07396,-8.799183864221261,0
200608,10,121.35498,-6.236866166751065,0
200609,10,119.13658,-3.592757774584432,0
200610,10,118.14643,-1.2710472838648124,0
200611,10,117.10735,-7.257673015355614,0
200612,10,108.18764,-1.917798631642309,0
200701,10,111.43437,-8.86230462759816,0
200702,10,111.76937,-4.161581894162647,0
200703,10,120.28648,-3.413003676901305,0
200704,10,110.32381,-8.782528587983796,0
200705,10,122.61939,0.014461468139992384,0
200706,10,115.39368,-4.190396894336801,0
200707,10,120.07382,3.445958077074307,0
200708,10,125.52252,3.434173035173349,0
200709,10,119.03264,-0.08724440469920491,0
200710,10,119.50003,1.1456969118745164,0
200711,10,109.50221,-6.494161126521936,0
200712,10,101.26448,-6.399215289288129,0
200801,10,107.47623,-3.551992082873534,0
200802,10,111.98449,0.19246775749026668,0
200803,10,115.04817,-4.354861826532785,0
200804,10,108.32513,-1.8116488181472268,0
200805,10,107.44911,-12.37184428987943,0
200806,10,106.16591,-7.996772440223765,0
200807,10,103.76076,-13.585859099010921,0
200808,10,104.08365,-17.07970012074327,0
200809,10,98.44887,-17.292542616882223,0
200810,10,103.82997,-13.113017628531132,0
200811,10,92.9404,-15.12463538407125,0
200812,10,86.38321,-14.69544898665356,0
200901,10,82.73124,-23.023686260673635,0
200902,10,77.18075,-31.079071753597297,0
200903,10,88.79351,-22.820580283893264,0
200904,10,81.00329,-25.22206989273864,0
200905,10,85.31623,-20.598476804507737,0
200906,10,79.71494,-24.91474899993793,0
200907,10,85.5666,-17.53472121831029,0
200908,10,86.82282,-16.583613276436804,0
200909,10,84.9784,-13.682706566362835,0
200910,10,92.80998,-10.613496276653079,0
200911,10,93.84481,0.9731074968474474,0
200912,10,86.61624,0.2697630708560217,0
201001,10,86.05231,4.014287710422337,0
201002,10,83.76178,8.526776430651427,0
201003,10,102.40395,15.328192341985346,0
201004,10,101.03404,24.728316590597732,0
201005,10,105.9972,24.24037020857579,0
201006,10,100.61902,26.223541032584375,0
201007,10,104.08192,21.638489784565486,0
201008,10,103.35955,19.046524865237057,0
201009,10,103.85344,22.211573764627257,0
201010,10,102.82416,10.789981853244669,0
201011,10,103.74326,10.547679727840054,0
201012,10,94.31609,8.889614695812242,0
201101,10,92.12309,7.0547554156303205,0
201102,10,92.80672,10.79840948938764,0
201103,10,104.38381,1.9333824525323617,0
201104,10,99.66164,-1.3583540755175205,0
201105,10,102.24905,-3.536083972029458,0
201106,10,94.77503,-5.808037088812834,0
201107,10,97.85319,-5.984449556656912,0
201108,10,105.3148,1.89169747739808,0
201109,10,102.17465,-1.616499174220909,0
201110,10,102.08861,-0.7153474436358165,0
201111,10,101.05314,-2.593055201851191,0
201112,10,91.70094,-2.7727506515590306,0
201201,10,100.27324,8.847021957253066,0
201202,10,103.54545,11.571069422559056,0
201203,10,112.89605,8.154751201359689,0
201204,10,105.02445,5.381017209831174,0
201205,10,111.96294,9.50022518546627,0
201206,10,105.17755,10.976013407750962,0
201207,10,111.33631,13.778927391125428,0
201208,10,112.894,7.196709294420156,0
201209,10,106.45433,4.188592767384081,0
201210,10,114.51287,12.170074604796755,0
201211,10,108.39849,7.268799366353185,0
201212,10,97.57766,6.40857116622795,0
201301,10,105.24793,4.961134196920325,0
201302,10,100.72532,-2.7235672837386926,0
201303,10,105.09925,-6.90617607967684,0
201304,10,114.23748,8.772271599613246,0
201305,10,111.75325,-0.18728518561589302,0
201306,10,106.40051,1.1627576417210683,0
201307,10,113.3114,1.7739855039205166,0
201308,10,112.7584,-0.1201126720640655,0
201309,10,109.73857,3.085116406256083,0
201310,10,120.54843,5.27063901201672,0
201311,10,115.54353,6.591457131921308,0
201312,10,100.80191,3.304291166646145,0
201401,10,107.99451,2.6096285219101345,0
201402,10,106.03291,5.2693702040360835,0
201403,10,109.6884,4.366491673346862,0
201404,10,105.1116,-7.988516553411373,0
201405,10,106.57716,-4.631713171652718,0
201406,10,99.99489,-6.020290692215669,0
201407,10,109.38791,-3.462573050902207,0
201408,10,107.3251,-4.818532366546513,0
201409,10,112.47493,2.4935262050526097,0
201410,10,114.24428,-5.229557946130026,0
201411,10,105.27733,-8.885136190663378,0
201412,10,98.06962,-2.710553798038162,0
201501,10,99.65691,-7.720392453283054,0
201502,10,100.23933,-5.463945109117541,0
201503,10,108.13858,-1.412929717271838,0
201504,10,101.49686,-3.4389544065545508,0
201505,10,107.89026,1.232065106632585,0
201506,10,106.5867,6.592146858704484,0
201507,10,101.95722,-6.792971910698354,0
201508,10,106.68746,-0.594120107971019,0
201509,10,104.94383,-6.695803233662822,0
201510,10,102.06073,-10.664472654560909,0
201511,10,98.66854,-6.277505328070165,0
201512,10,84.49323,-13.843624559777023,0
201601,10,92.07141,-7.611614688835921,0
201602,10,97.97895,-2.2549831488299033,0
201603,10,109.83389,1.567719864640349,0
201604,10,103.05486,1.5350228568647317,0
201605,10,105.28208,-2.4174378669585272,0
201606,10,107.18046,0.5570676266363428,0
201607,10,106.69625,4.648057293048979,0
201608,10,111.21977,4.248212489077896,0
201609,10,105.06325,0.11379420781574279,0
201610,10,103.33988,1.2533224091185513,0
201611,10,104.94516,6.361318410103167,0
201612,10,92.49766,9.473457222549065,0
201701,10,97.41682,5.805721884784876,0
201702,10,92.56249,-5.528187432096388,0
201703,10,109.89954,0.05977207945562224,0
201704,10,97.52477,-5.366161285358107,0
201705,10,108.15004,2.7240723207596407,0
201706,10,101.78317,-5.035703336223785,0
201707,10,107.44461,0.7013929730426138,0
201708,10,115.35376,3.716956077143485,0
201709,10,106.87091,1.7205445291288868,0
201710,10,111.89104,8.274791880927301,0
201711,10,111.88836,6.616026884898751,0
201712,10,100.19083,8.3171509419806,0
201801,10,108.62827,11.508741508909859,0
201802,10,108.84047,17.585935728392776,0
201803,10,112.79719,2.6366352397835247,0
201804,10,111.7195,14.554999719558426,0
201805,10,99.58114,-7.923159344185171,0
201806,10,111.71482,9.757654433439257,0
201807,10,117.4743,9.334753972302568,0
201808,10,113.79608,-1.350350435044334,0
201809,10,107.36482,0.4621556979350183,0
201810,10,111.96625,0.06721717842643748,0
201811,10,105.97224,-5.28752052492324,0
201812,10,96.08258,-4.100425158669719,0
201901,10,100.91902,-7.096909487741998,0
201902,10,101.61807,-6.6357670083563525,0
201903,10,106.57921,-5.512530941595262,0
201904,10,106.08168,-5.046406401747228,0
201905,10,106.3675,6.8149049107089965,0
201906,10,99.85412,-10.616944108221283,0
201907,10,108.25499,-7.847937804268668,0
201908,10,107.18306,-5.811289808928399,0
201909,10,99.53096,-7.296486875309805,0
201910,10,105.33535,-5.922231029439673,0
201911,10,100.61282,-5.057381065078925,0
201912,10,92.23613,-4.003275099398862,0
202001,10,97.73134,-3.158651362250642,0
202002,10,99.55368,-2.0315186068777025,0
202003,10,93.22514,-12.529713815668186,0
202004,10,78.00651,-26.46561592915949,0
202005,10,82.55656,-22.38554069617129,0
202006,10,97.0927,-2.765454244652099,0
202007,10,112.59732,4.011205395705075,0
202008,10,110.63398,3.2196505679162435,0
202009,10,114.57058,15.110494262287855,0
202010,10,119.6224,13.563395384360511,0
202011,10,116.00641,15.29982958434124,0
202012,10,107.60493,16.662451037353797,0
202101,10,104.31856,6.740130647957976,0
202102,10,103.39076,3.8542824333565484,0
202103,10,124.16037,33.18335590592838,0
202104,10,119.33509,52.98093710383913,0
202105,10,112.96876,36.83801747553434,0
202106,10,114.6585,18.09178238940725,0
202107,10,116.36533,3.3464473221920477,0
202108,10,121.17264,9.525699066417026,0
202109,10,120.57933,5.244583731704933,0
202110,10,111.96023,-6.405297001230537,0
202111,10,117.5101,1.296212855824086,0
202112,10,111.13845,3.283790064265646,0
202201,10,109.05845,4.543668931012834,0
202202,10,104.12204,0.7072972478391559,0
202203,10,117.04767,-5.728639500671595,0
202204,10,107.54915,-9.876340647164216,0
202205,10,111.6552,-1.1627639357996045,0
202206,10,103.94197,-9.346476711277408,0
202207,10,102.22134,-12.154814496723375,0
202208,10,104.3469,-13.885758369216017,0
202209,10,89.01492,-26.17729755174456,0
202210,10,82.5678,-26.25256307529914,0
202211,10,88.44766,-24.7318656013398,0
202212,10,80.0269,-27.993507197554045,0
202301,10,84.29383,-22.70765814111607,0
202302,10,82.84758,-20.43223509643107,0
202303,10,99.20969,-15.2399274586158,0
202304,10,91.83982,-14.606651935417425,0
202305,10,96.03859,-13.986460102171684,0
202306,10,90.85038,-12.595095128560674,0
202307,10,93.47031,-8.560864101370614,0
202308,10,102.71097,-1.5677801640489597,0
202309,10,93.55276,5.097842024685306,0
202310,10,97.97527,18.660385767817456,0
202311,10,98.64817,11.532820653480247,0
202312,10,87.06635,8.796354725723488,0
202401,10,98.54906,16.911356382786245,0
202402,10,98.13839,18.456556003204927,0
202403,10,101.08231,1.887537396800676,0
202404,10,99.15454,7.964649756499953,0
202405,10,97.94206,1.9819845335088626,0
202406,10,94.10127,3.578289931203371,0
202407,10,103.40606,10.629845990668052,0
202408,10,110.76888,7.845228216615996,0
202409,10,102.59902,9.669687992101995,0
202410,10,108.49887,10.741077825047075,0
202411,10,103.31837,4.734198313055393,0
202412,10,92.3344,6.050615421457306,0
202501,10,96.35961,-2.221685320996458,0
202502,10,87.93763,-10.39426059465618,0
202503,10,98.7921,-2.265688229720908,0
202504,10,99.20073,0.046583847799608336,0
202505,10,101.87872,4.019376353734039,0
202506,10,93.64081,-0.4893238954160717,0
202507,10,100.34633,-2.958946506616733,0
202508,10,90.54549,-18.25728489806884,0
202509,10,95.04833,-7.35941727318642,0
202510,10,97.59123,-10.053229125796426,0
202511,10,90.3876,-12.515460706551984,0
202512,10,85.53908,-7.359467327453261,0
202601,10,90.88014,-5.6864800511334685,0
202602,10,85.46439,-2.8124933546651243,0
202603,10,93.39658,-5.46148932961239,0
202604,10,96.57475,-2.6471377781191685,0
202605,10,95.71803,-6.047082256235647,0
202606,10,95.79304,2.2983889182504935,0
202607,10,100.01916,-0.3260408228183298,0
200201,11,65.41773,,0
200202,11,59.97418,,0
200203,11,64.72716,,0
200204,11,64.42123,,0
200205,11,62.61467,,0
200206,11,63.09106,,0
200207,11,67.03608,,0
200208,11,69.43054,,0
200209,11,65.32413,,0
200210,11,70.44679,,0
200211,11,70.10585,,0
200212,11,68.4434,,0
200301,11,69.79617,6.693047893896642,0
200302,11,65.85625,9.807670567567595,0
200303,11,68.99215,6.58918141936089,0
200304,11,69.71394,8.215785386277163,0
200305,11,67.40469,7.64999639860755,0
200306,11,67.39035,6.8144202998015935,0
200307,11,70.49526,5.160176430364083,0
200308,11,70.6904,1.8145617188055851,0
200309,11,72.29905,10.677402056483576,0
200310,11,74.55396,5.830173383343662,0
200311,11,71.31017,1.7178594938938696,0
200312,11,71.94131,5.110660779563858,0
200401,11,74.53336,6.787177577222359,0
200402,11,69.98306,6.266390813324474,0
200403,11,75.83975,9.925187140855884,0
200404,11,72.21762,3.5913620719184802,0
200405,11,76.29032,13.18251000041688,0
200406,11,74.37912,10.370579764016652,0
200407,11,76.63223,8.705507292263338,0
200408,11,76.80217,8.645827439086506,0
200409,11,75.36179,4.236210572614718,0
200410,11,78.93761,5.8798352227031225,0
200411,11,76.71914,7.58513126528797,0
200412,11,77.23904,7.363960984307916,0
200501,11,76.67353,2.8714256273969063,0
200502,11,69.87663,-0.15207966042066756,0
200503,11,78.43198,3.4180360562897416,0
200504,11,75.08039,3.9640879884992097,0
200505,11,78.39655,2.760808972881512,0
200506,11,76.52178,2.880727817161599,0
200507,11,79.92911,4.302210701685172,0
200508,11,76.56444,-0.30953552484258573,0
200509,11,76.75075,1.8430560102141946,0
200510,11,80.09872,1.470921148993476,0
200511,11,78.95277,2.911437745522183,0
200512,11,80.33155,4.003817240607854,0
200601,11,79.92137,4.235933835314487,0
200602,11,72.50792,3.76562235471285,0
200603,11,80.92605,3.179914621561264,0
200604,11,78.33876,4.33984160178178,0
200605,11,80.04273,2.0998117901871893,0
200606,11,76.27467,-0.322927668436368,0
200607,11,80.26756,0.42343771874853164,0
200608,11,80.07181,4.580938618502262,0
200609,11,79.49595,3.576772865411737,0
200610,11,80.77617,0.8457688212745396,0
200611,11,79.64712,0.8794498280427554,0
200612,11,80.26375,-0.0844002138636557,0
200701,11,81.08048,1.4503129763666411,0
200702,11,73.24782,1.0204402498375398,0
200703,11,80.79037,-0.16765923951559403,0
200704,11,77.06089,-1.6312103995518856,0
200705,11,79.33644,-0.882391192804155,0
200706,11,80.55383,5.6101979857795525,0
200707,11,82.96686,3.3628778550139016,0
200708,11,80.97972,1.133869710201374,0
200709,11,73.84071,-7.113871838754038,0
200710,11,83.49193,3.362080673049994,0
200711,11,81.02768,1.733345788272067,0
200712,11,82.38955,2.648518166669267,0
200801,11,83.91833,3.5000409469702287,0
200802,11,80.06074,9.30119148938493,0
200803,11,83.98961,3.959927402238672,0
200804,11,82.06917,6.499120370917066,0
200805,11,86.08224,8.50277627783651,0
200806,11,85.21027,5.780532098846192,0
200807,11,87.95655,6.014075981663036,0
200808,11,84.0626,3.806977845811277,0
200809,11,84.62385,14.603245282988219,0
200810,11,86.86451,4.039408359586361,0
200811,11,79.36232,-2.055297646433918,0
200812,11,81.21295,-1.4280937327610044,0
200901,11,79.53859,-5.2190504744315085,0
200902,11,74.72368,-6.666263639331826,0
200903,11,79.57722,-5.25349504539907,0
200904,11,77.54502,-5.512606012708554,0
200905,11,81.43933,-5.393574795451417,0
200906,11,81.06675,-4.862700235546724,0
200907,11,85.62829,-2.6470569843860203,0
200908,11,85.42358,1.6190077394703462,0
200909,11,84.63301,0.01082437161628036,0
200910,11,87.8178,1.097444744694931,0
200911,11,83.99096,5.832289177030114,0
200912,11,85.668,5.485639913338947,0
201001,11,84.45523,6.181452298814949,0
201002,11,78.02997,4.424688398644183,0
201003,11,89.76045,12.796664673634005,0
201004,11,81.98204,5.721863247955827,0
201005,11,87.15403,7.017125509259481,0
201006,11,83.58944,3.111867689280734,0
201007,11,90.40691,5.580655645464816,0
201008,11,86.48235,1.2394352940956033,0
201009,11,86.12847,1.7669937533829838,0
201010,11,89.18011,1.5512914238343445,0
201011,11,87.92494,4.683813591367447,0
201012,11,86.3215,0.7628285941074786,0
201101,11,86.43635,2.3457635483320693,0
201102,11,81.04669,3.8661042673731494,0
201103,11,90.60824,0.9445028406163125,0
201104,11,83.12213,1.3906582466110873,0
201105,11,87.52486,0.4254880698000951,0
201106,11,85.23615,1.9699976456356127,0
201107,11,87.88468,-2.78986418184185,0
201108,11,88.99653,2.907159668996062,0
201109,11,85.4895,-0.7418801239589934,0
201110,11,91.12346,2.1791294045275356,0
201111,11,88.764,0.9542912397779268,0
201112,11,89.63327,3.836552886592548,0
201201,11,85.18044,-1.4529882393229276,0
201202,11,83.34522,2.8360565989801634,0
201203,11,88.79399,-2.0023013359491415,0
201204,11,85.75322,3.1653303398264665,0
201205,11,88.64302,1.2775341771469328,0
201206,11,85.89243,0.769955001487066,0
201207,11,90.09903,2.5196086507910165,0
201208,11,91.08893,2.351102902551361,0
201209,11,88.63299,3.6770480585335052,0
201210,11,93.83412,2.974711451913703,0
201211,11,91.68634,3.2922581226623393,0
201212,11,88.46394,-1.3045713940816883,0
201301,11,88.6178,4.035386527705187,0
201302,11,80.52775,-3.3804818080748977,0
201303,11,87.84243,-1.071649105981165,0
201304,11,87.38387,1.9015612474960086,0
201305,11,87.9088,-0.8282885668832174,0
201306,11,86.94265,1.2227154360401782,0
201307,11,89.06042,-1.1527427098826815,0
201308,11,88.97874,-2.316626180590775,0
201309,11,87.70288,-1.0493948133759368,0
201310,11,94.76211,0.9889686182382285,0
201311,11,89.51215,-2.3713347048208044,0
201312,11,86.21586,-2.5412388369769556,0
201401,11,86.53509,-2.3502163222287265,0
201402,11,79.70944,-1.0161838620848074,0
201403,11,87.4529,-0.4434417399427515,0
201404,11,85.21906,-2.4773565190005953,0
201405,11,86.12949,-2.024040824126816,0
201406,11,83.93409,-3.4603960196750383,0
201407,11,89.32622,0.29844907535807597,0
201408,11,88.84758,-0.14740599833175105,0
201409,11,88.59799,1.0206164267353657,0
201410,11,91.74883,-3.179836329098207,0
201411,11,89.47274,-0.044027542629687666,0
201412,11,87.40407,1.3781803023248829,0
201501,11,85.66051,-1.0106651532921451,0
201502,11,78.61669,-1.3709166693430475,0
201503,11,86.51212,-1.075756207055456,0
201504,11,81.70385,-4.124910554047412,0
201505,11,85.07416,-1.225283001211308,0
201506,11,87.32653,4.041790409594004,0
201507,11,91.23958,2.141991455588288,0
201508,11,90.45123,1.8049450530897904,0
201509,11,87.4436,-1.3029528096517695,0
201510,11,88.66775,-3.35816816410629,0
201511,11,85.73943,-4.172566974030301,0
201512,11,89.63422,2.551540220037807,0
201601,11,86.40543,0.8696189177486824,0
201602,11,83.14141,5.755419110115145,0
201603,11,85.81688,-0.8036330632054778,0
201604,11,86.15359,5.446181544688522,0
201605,11,89.29773,4.964574437173397,0
201606,11,87.41597,0.10242019235162658,0
201607,11,90.33127,-0.9955218995966408,0
201608,11,90.44773,-0.003869488563046364,0
201609,11,90.96478,4.0268012753363225,0
201610,11,91.93443,3.6841805504256087,0
201611,11,91.1859,6.352351537676437,0
201612,11,89.21867,-0.46360642174383404,0
201701,11,90.5557,4.803251369734518,0
201702,11,78.74997,-5.281892621258155,0
201703,11,88.78627,3.4601467683281095,0
201704,11,87.5852,1.6616951191471108,0
201705,11,92.18629,3.234751880030995,0
201706,11,91.39787,4.555117331535641,0
201707,11,92.50852,2.4102949067360546,0
201708,11,93.34039,3.1981565485391217,0
201709,11,93.43811,2.718997396574796,0
201710,11,94.72008,3.03003999698479,0
201711,11,95.94107,5.214808429812057,0
201712,11,98.37302,10.260576625946104,0
201801,11,95.56601,5.532848843308602,0
201802,11,87.90904,11.63056951005823,0
201803,11,93.38409,5.1785259139729645,0
201804,11,92.16514,5.22912546868648,0
201805,11,83.39198,-9.539715721285669,0
201806,11,97.75833,6.959089965663323,0
201807,11,101.44813,9.663553151644845,0
201808,11,104.28085,11.721035234586008,0
201809,11,99.65232,6.6506161137035,0
201810,11,101.82509,7.5010599653209775,0
201811,11,99.54621,3.7576608224194397,0
201812,11,95.29559,-3.1283272588357947,0
201901,11,91.96029,-3.773015112800049,0
201902,11,85.41432,-2.8378423879955927,0
201903,11,92.37277,-1.0829682015426778,0
201904,11,91.44125,-0.7854271148505787,0
201905,11,95.67043,14.723777993998933,0
201906,11,87.37259,-10.623892613550169,0
201907,11,92.24928,-9.067540229672055,0
201908,11,95.98496,-7.955334080993781,0
201909,11,92.63045,-7.046368815096338,0
201910,11,97.64358,-4.106561555703026,0
201911,11,93.81406,-5.758280501085878,0
201912,11,92.62787,-2.799416006553923,0
202001,11,93.64745,1.8346614609414669,0
202002,11,89.1794,4.408019638861482,0
202003,11,95.4631,3.34549889539959,0
202004,11,92.30359,0.9430535999890743,0
202005,11,88.69416,-7.2919814408694545,0
202006,11,87.03549,-0.3858189393263989,0
202007,11,93.08404,0.9048959514914356,0
202008,11,96.19274,0.21647141385483515,0
202009,11,97.66401,5.434023045337688,0
202010,11,99.6119,2.0158212142570076,0
202011,11,97.22639,3.6373332526062674,0
202012,11,93.16191,0.5765435392177443,0
202101,11,97.65675,4.281269804997345,0
202102,11,92.07368,3.245458031787596,0
202103,11,99.03684,3.7435825989309057,0
202104,11,93.33183,1.1139761736244536,0
202105,11,97.56973,10.006938450062574,0
202106,11,92.05137,5.763028392211056,0
202107,11,95.99955,3.1321266244997537,0
202108,11,97.92928,1.8052713749499238,0
202109,11,97.82051,0.16024326668544475,0
202110,11,102.19039,2.588536108637607,0
202111,11,98.38213,1.1887101845496906,0
202112,11,99.41257,6.709458833551185,0
202201,11,99.49658,1.8839762740414656,0
202202,11,87.25267,-5.236034879891848,0
202203,11,98.65081,-0.38978424594321437,0
202204,11,96.95292,3.879801778235792,0
202205,11,97.78951,0.22525428736965836,0
202206,11,99.68303,8.290653360183553,0
202207,11,106.08876,10.509643013951631,0
202208,11,106.20152,8.447156968783997,0
202209,11,102.69973,4.987931467541928,0
202210,11,103.55875,1.3390300203375283,0
202211,11,100.71001,2.366161415696122,0
202212,11,100.9157,1.5120120121630443,0
202301,11,98.88371,-0.6159709208095387,0
202302,11,88.31171,1.21376228372152,0
202303,11,97.91267,-0.7482351133254794,0
202304,11,94.50959,-2.5201200747744346,0
202305,11,98.15684,0.37563333735897153,0
202306,11,93.80655,-5.89516590737661,0
202307,11,99.09632,-6.591122377149084,0
202308,11,103.46999,-2.5720253344773236,0
202309,11,99.33502,-3.276259830478623,0
202310,11,100.83312,-2.6319649474332296,0
202311,11,97.04056,-3.6435802161076114,0
202312,11,98.43533,-2.457863345346667,0
202401,11,99.13324,0.25234692347202436,0
202402,11,95.81233,8.493347031780951,0
202403,11,100.72265,2.8698839486248184,0
202404,11,99.09869,4.85569771279295,0
202405,11,103.13037,5.066921469762065,0
202406,11,101.83883,8.562600372788465,0
202407,11,101.61352,2.5401548715431543,0
202408,11,100.37078,-2.9952742819439715,0
202409,11,97.68278,-1.6633006164392006,0
202410,11,104.4647,3.60157456200898,0
202411,11,97.31578,0.2836133674414043,0
202412,11,101.31193,2.922324738485682,0
202501,11,96.37455,-2.7828102864387416,0
202502,11,90.7794,-5.252904297390537,0
202503,11,102.38019,1.64564772670297,0
202504,11,97.77683,-1.3338824156000406,0
202505,11,101.59856,-1.4853141707917739,0
202506,11,99.95308,-1.851700377940324,0
202507,11,104.82777,3.163210958541751,0
202508,11,105.6253,5.235109261878801,0
202509,11,103.4209,5.874239041927365,0
202510,11,104.56827,0.09914353843929469,0
202511,11,100.11858,2.880108446954832,0
202512,11,99.73397,-1.557526344626936,0
202601,11,95.19145,-1.2276062508203678,0
202602,11,89.14116,-1.8046384972802199,0
202603,11,96.45628,-5.786187738077054,0
202604,11,94.67779,-3.169503449845945,0
202605,11,98.76819,-2.785836728394575,0
202606,11,101.78362,1.8313992925480527,0
202607,11,104.7846,-0.04118183569106204,0
200201,12,,,1
200202,12,,,1
200203,12,,,1
200204,12,,,1
200205,12,,,1
200206,12,,,1
200207,12,,,1
200208,12,,,1
200209,12,,,1
200210,12,,,1
200211,12,,,1
200212,12,,,1
200301,12,,,1
200302,12,,,1
200303,12,,,1
200304,12,,,1
200305,12,,,1
200306,12,,,1
200307,12,,,1
200308,12,,,1
200309,12,,,1
200310,12,,,1
200311,12,,,1
200312,12,,,1
200401,12,,,1
200402,12,,,1
200403,12,,,1
200404,12,,,1
200405,12,,,1
200406,12,,,1
200407,12,,,1
200408,12,,,1
200409,12,,,1
200410,12,,,1
200411,12,,,1
200412,12,,,1
200501,12,,,1
200502,12,,,1
200503,12,,,1
200504,12,,,1
200505,12,,,1
200506,12,,,1
200507,12,,,1
200508,12,,,1
200509,12,,,1
200510,12,,,1
200511,12,,,1
200512,12,,,1
200601,12,,,1
200602,12,,,1
200603,12,,,1
200604,12,,,1
200605,12,,,1
200606,12,,,1
200607,12,,,1
200608,12,,,1
200609,12,,,1
200610,12,,,1
200611,12,,,1
200612,12,,,1
200701,12,,,1
200702,12,,,1
200703,12,,,1
200704,12,,,1
200705,12,,,1
200706,12,,,1
200707,12,,,1
200708,12,,,1
200709,12,,,1
200710,12,,,1
200711,12,,,1
200712,12,,,1
200801,12,,,1
200802,12,,,1
200803,12,,,1
200804,12,,,1
200805,12,,,1
200806,12,,,1
200807,12,,,1
200808,12,,,1
200809,12,,,1
200810,12,,,1
200811,12,,,1
200812,12,,,1
200901,12,,,1
200902,12,,,1
200903,12,,,1
200904,12,,,1
200905,12,,,1
200906,12,,,1
200907,12,,,1
200908,12,,,1
200909,12,,,1
200910,12,,,1
200911,12,,,1
200912,12,,,1
201001,12,,,1
201002,12,,,1
201003,12,,,1
201004,12,,,1
201005,12,,,1
201006,12,,,1
201007,12,,,1
201008,12,,,1
201009,12,,,1
201010,12,,,1
201011,12,,,1
201012,12,,,1
201101,12,,,1
201102,12,,,1
201103,12,,,1
201104,12,,,1
201105,12,,,1
201106,12,,,1
201107,12,,,1
201108,12,,,1
201109,12,,,1
201110,12,,,1
201111,12,,,1
201112,12,,,1
201201,12,235.73804,,0
201202,12,251.07685,,0
201203,12,245.1547,,0
201204,12,235.46962,,0
201205,12,237.61976,,0
201206,12,249.92997,,0
201207,12,249.7279,,0
201208,12,242.32897,,0
201209,12,270.29354,,0
201210,12,300.32002,,0
201211,12,289.38953,,0
201212,12,222.80847,,0
201301,12,220.99735,-6.252995910206094,0
201302,12,216.72568,-13.681536151182394,0
201303,12,227.45417,-7.2201471152704695,0
201304,12,253.97963,7.8608909293691465,0
201305,12,250.70537,5.5069536304556355,0
201306,12,225.76958,-9.666863881910604,0
201307,12,204.77833,-17.9994185671685,0
201308,12,263.77216,8.848793439760838,0
201309,12,248.7749,-7.961211355624709,0
201310,12,316.93031,5.530863377006967,0
201311,12,256.65198,-11.312624198947352,0
201312,12,207.32873,-6.9475545521227255,0
201401,12,218.50716,-1.1267963167884143,0
201402,12,211.3914,-2.46130500086561,0
201403,12,213.92849,-5.94655178227772,0
201404,12,215.71246,-15.06702328844246,0
201405,12,216.93249,-13.471143438211952,0
201406,12,206.33397,-8.608604401000342,0
201407,12,246.36658,20.308911592354505,0
201408,12,232.82894,-11.731040910458479,0
201409,12,282.11667,13.402385047687693,0
201410,12,281.81348,-11.080300271690646,0
201411,12,257.26243,0.23785127237281323,0
201412,12,201.93558,-2.6012555037596696,0
201501,12,221.49875,1.3691038774198638,0
201502,12,160.13896,-24.245281501518036,0
201503,12,198.77699,-7.082506869468386,0
201504,12,169.91065,-21.232806857795783,0
201505,12,183.36191,-15.475127769012376,0
201506,12,187.95128,-8.909192218809148,0
201507,12,197.94911,-19.652612785386726,0
201508,12,169.42278,-27.232937623647647,0
201509,12,227.37951,-19.40231323445013,0
201510,12,176.85576,-37.243683304290485,0
201511,12,193.71185,-24.70262758538042,0
201512,12,171.89497,-14.876333333630454,0
201601,12,161.50455,-27.08557046032991,0
201602,12,162.12869,1.2425021368941191,0
201603,12,167.38777,-15.79117381745242,0
201604,12,162.80961,-4.179278932780262,0
201605,12,155.71797,-15.07616276466578,0
201606,12,184.72688,-1.715550966186563,0
201607,12,153.5448,-22.432184716566795,0
201608,12,176.56888,4.217909775769235,0
201609,12,199.91006,-12.080881870138615,0
201610,12,175.56069,-0.7322747079314906,0
201611,12,166.07903,-14.264909451848206,0
201612,12,142.05407,-17.359961143714674,0
201701,12,147.01891,-8.969183840331429,0
201702,12,140.17482,-13.541014856778277,0
201703,12,142.32746,-14.971410396350937,0
201704,12,139.68297,-14.204714328595214,0
201705,12,151.49601,-2.711286308189087,0
201706,12,125.9455,-31.820696587307708,0
201707,12,148.42436,-3.3348182419723815,0
201708,12,178.3188,0.9910693209358223,0
201709,12,177.97249,-10.973719881830856,0
201710,12,163.06829,-7.1157159384597986,0
201711,12,154.52495,-6.956977048818269,0
201712,12,134.64579,-5.215112808805822,0
201801,12,146.33388,-0.4659468635701436,0
201802,12,115.97168,-17.26639634707575,0
201803,12,161.46499,13.446126278091386,0
201804,12,155.94525,11.642278224754232,0
201805,12,139.22946,-8.096945919565812,0
201806,12,121.42261,-3.591148552350021,0
201807,12,147.08576,-0.9018735199532002,0
201808,12,168.24307,-5.650402537477827,0
201809,12,183.34803,3.0204331017675834,0
201810,12,187.24268,14.824703196433852,0
201811,12,142.80837,-7.582322466371927,0
201812,12,128.856,-4.300015618757936,0
201901,12,138.27526,-5.50700903987511,0
201902,12,126.08699,8.722224253369436,0
201903,12,106.79913,-33.85616906798185,0
201904,12,115.05942,-26.21806691771631,0
201905,12,143.99488,3.422709532881907,0
201906,12,135.20823,11.353420915593881,0
201907,12,150.62107,2.403570542790834,0
201908,12,186.06527,10.59312576737932,0
201909,12,135.00729,-26.36556280424719,0
201910,12,160.64564,-14.204581989533594,0
201911,12,168.83543,18.22516425332774,0
201912,12,197.87989,53.5666868442292,0
202001,12,93.86547,-32.11694557652612,0
202002,12,92.90441,-26.317211633016225,0
202003,12,95.36898,-10.702474823530872,0
202004,12,49.51409,-56.96650478509277,0
202005,12,63.19169,-56.11532160032356,0
202006,12,121.0166,-10.496128822927409,0
202007,12,76.9169,-48.933505783752565,0
202008,12,78.40637,-57.860824860007455,0
202009,12,82.36675,-38.99088708469003,0
202010,12,101.76381,-36.653238768260366,0
202011,12,124.33275,-26.358614421155558,0
202012,12,100.15594,-49.38548833840568,0
202101,12,92.34999,-1.6145234237893824,0
202102,12,101.77739,9.55065534563968,0
202103,12,132.44866,38.880231286944664,0
202104,12,81.47624,64.55162560798351,0
202105,12,87.23623,38.050161342417034,0
202106,12,91.45508,-24.427657032175752,0
202107,12,105.69369,37.41283125034942,0
202108,12,109.07952,39.12073725642446,0
202109,12,136.08635,65.22000685956411,0
202110,12,116.62274,14.601389236507533,0
202111,12,116.7693,-6.083232293985297,0
202112,12,105.60635,5.44192386392659,0
202201,12,108.93983,17.96409506920358,0
202202,12,91.80971,-9.793609366481103,0
202203,12,87.59952,-33.86152793089791,0
202204,12,81.17714,-0.3671008873261772,0
202205,12,97.47832,11.740638035366713,0
202206,12,87.78713,-4.010657472499057,0
202207,12,99.34055,-6.010898096187212,0
202208,12,108.17167,-0.8322827236496799,0
202209,12,103.24345,-24.13386794487472,0
202210,12,112.9049,-3.1879202975337417,0
202211,12,118.92763,1.848371104391311,0
202212,12,102.62008,-2.8277371578508292,0
202301,12,86.58421,-20.521071127061607,0
202302,12,97.83363,6.561310345060467,0
202303,12,100.14916,14.326151558821332,0
202304,12,94.86074,16.856469690851416,0
202305,12,113.60093,16.539688004471166,0
202306,12,110.00966,25.314109254967086,0
202307,12,129.12178,29.97892602768961,0
202308,12,137.75637,27.349767272706437,0
202309,12,132.06427,27.915398022828562,0
202310,12,118.22645,4.71330296559318,0
202311,12,104.77682,-11.898673167875284,0
202312,12,86.41445,-15.791870362993288,0
202401,12,98.80795,14.117747335224283,0
202402,12,91.98098,-5.982247617715908,0
202403,12,100.94719,0.7968414313210603,0
202404,12,112.63954,18.74200011511611,0
202405,12,108.4452,-4.538457563683684,0
202406,12,84.91893,-22.807751610176773,0
202407,12,137.15645,6.222552074483478,0
202408,12,105.54378,-23.383738987895807,0
202409,12,115.148,-12.809119378011935,0
202410,12,116.76255,-1.2382169979729518,0
202411,12,114.6812,9.452835083179668,0
202412,12,102.32183,18.408240751402104,0
202501,12,93.42209,-5.450836698868877,0
202502,12,88.09995,-4.219383181175063,0
202503,12,81.66712,-19.0991646226111,0
202504,12,90.63072,-19.539160049836855,0
202505,12,96.25698,-11.239058990162775,0
202506,12,91.97073,8.304155504550037,0
202507,12,96.40503,-29.71163222728498,0
202508,12,120.82016,14.473974686144464,0
202509,12,145.08299,25.996969118004664,0
202510,12,102.71842,-12.027940465500286,0
202511,12,94.81281,-17.32488847343767,0
202512,12,93.82674,-8.302324147251872,0
202601,12,74.99106,-19.728770786438186,0
202602,12,76.24264,-13.45892931834809,0
202603,12,85.11899,4.226756129027209,0
202604,12,94.20312,3.941709830838813,0
202605,12,86.48919,-10.147617346814751,0
202606,12,109.66891,19.243274463516812,0
202607,12,97.0302,0.648482760702418,0
200201,13,83.13963,,0
200202,13,76.60474,,0
200203,13,86.65661,,0
200204,13,84.68416,,0
200205,13,91.35555,,0
200206,13,87.68758,,0
200207,13,97.21205,,0
200208,13,95.57116,,0
200209,13,88.87303,,0
200210,13,92.74004,,0
200211,13,85.58325,,0
200212,13,76.08095,,0
200301,13,78.37622,-5.729409669011032,0
200302,13,70.2884,-8.245364451338144,0
200303,13,85.39587,-1.4548688207396965,0
200304,13,83.5105,-1.3859262464196553,0
200305,13,87.08172,-4.678237939566876,0
200306,13,86.63597,-1.1992690412941043,0
200307,13,92.09684,-5.26190940320671,0
200308,13,91.31469,-4.453718046322763,0
200309,13,95.46756,7.420170101098167,0
200310,13,94.63718,2.045653635689626,0
200311,13,80.48959,-5.951701997762415,0
200312,13,78.25219,2.853855005753747,0
200401,13,84.1945,7.423527187200407,0
200402,13,81.19563,15.517823709175339,0
200403,13,87.34249,2.279524759218443,0
200404,13,84.41734,1.085899377922539,0
200405,13,83.28886,-4.355518012276294,0
200406,13,82.18272,-5.140185998956315,0
200407,13,88.79765,-3.58230532122491,0
200408,13,89.69676,-1.7718178750866898,0
200409,13,92.11869,-3.5078617281095292,0
200410,13,96.11369,1.5601796249634647,0
200411,13,88.29442,9.696694939059824,0
200412,13,89.69755,14.626248798915409,0
200501,13,85.86549,1.9846783340954355,0
200502,13,73.55635,-9.408486638997694,0
200503,13,83.78813,-4.069451191510575,0
200504,13,80.36058,-4.805600365991158,0
200505,13,91.87508,10.30896568880879,0
200506,13,86.85424,5.684309304924451,0
200507,13,96.39774,8.55888641197149,0
200508,13,99.16198,10.552465886170248,0
200509,13,93.6435,1.65526669994982,0
200510,13,98.45058,2.431381003060018,0
200511,13,87.75479,-0.6111711249703,0
200512,13,85.10723,-5.117553377990824,0
200601,13,86.50572,0.7456196895865963,0
200602,13,78.24597,6.375547454434605,0
200603,13,88.00776,5.036071338505832,0
200604,13,87.01316,8.278412126940848,0
200605,13,94.97054,3.369205229535588,0
200606,13,93.74862,7.937873844731125,0
200607,13,96.58755,0.1969029564385938,0
200608,13,96.52212,-2.662169512952439,0
200609,13,92.63473,-1.0772450837484682,0
200610,13,92.03432,-6.517239410880071,0
200611,13,87.55295,-0.23000453878359028,0
200612,13,86.16445,1.2422211367941305,0
200701,13,81.72581,-5.52554212600046,0
200702,13,77.47454,-0.9859038107649432,0
200703,13,90.47333,2.801537046278635,0
200704,13,86.84865,-0.18906335547403952,0
200705,13,94.74892,-0.23335657562860712,0
200706,13,97.19369,3.6747954263220084,0
200707,13,98.37135,1.8468218730053776,0
200708,13,100.83257,4.4657639098685475,0
200709,13,98.65152,6.495177348711434,0
200710,13,102.00127,10.829601392176325,0
200711,13,92.50776,5.659215366244097,0
200712,13,92.16423,6.96317332728289,0
200801,13,88.30795,8.053930575909884,0
200802,13,82.88838,6.987895636424546,0
200803,13,82.63688,-8.661613317427353,0
200804,13,86.79152,-0.06578110310292429,0
200805,13,99.29677,4.799896399874526,0
200806,13,99.74251,2.6224130393649903,0
200807,13,103.39364,5.105439744397122,0
200808,13,99.0748,-1.743256172088059,0
200809,13,100.21456,1.5844053898003807,0
200810,13,92.16978,-9.638595676308736,0
200811,13,92.26467,-0.2627779550602116,0
200812,13,90.36552,-1.951635683388231,0
200901,13,82.29306,-6.811266709282693,0
200902,13,78.23239,-5.617180598776339,0
200903,13,89.48906,8.29191518363228,0
200904,13,84.39732,-2.7585644311794666,0
200905,13,94.85819,-4.470014482847729,0
200906,13,96.0689,-3.683093597704723,0
200907,13,97.53883,-5.662640371303307,0
200908,13,102.3051,3.2604658298578393,0
200909,13,95.41623,-4.788056745446978,0
200910,13,96.84051,5.06752864116633,0
200911,13,95.53904,3.5488882147413525,0
200912,13,95.44192,5.617629378993216,0
201001,13,88.42849,7.4555861697207515,0
201002,13,79.82432,2.0348732794690294,0
201003,13,79.83325,-10.789933428734177,0
201004,13,89.4807,6.023153341835985,0
201005,13,94.71167,-0.15446215028981358,0
201006,13,99.11939,3.1753148001069986,0
201007,13,104.44257,7.077940139327077,0
201008,13,99.13267,-3.100950001515068,0
201009,13,94.06059,-1.42076458061694,0
201010,13,95.6996,-1.1781329941364271,0
201011,13,96.21957,0.7123056710639064,0
201012,13,96.11767,0.7080222191674368,0
201101,13,87.28631,-1.2916425464236658,0
201102,13,81.15489,1.6668729530047832,0
201103,13,90.85485,13.805776415215455,0
201104,13,86.42755,-3.4120765707018386,0
201105,13,102.32319,8.036517569587787,0
201106,13,93.98682,-5.178169478242356,0
201107,13,98.6338,-5.5616881124239015,0
201108,13,99.36373,0.23308158652439737,0
201109,13,97.49489,3.6511571955906152,0
201110,13,100.64704,5.169760375173982,0
201111,13,92.41217,-3.956991285660494,0
201112,13,91.94112,-4.345246820901927,0
201201,13,89.51321,2.5512591837139276,0
201202,13,86.79149,6.945484123014656,0
201203,13,88.81802,-2.2418506001605776,0
201204,13,90.59844,4.825880173625197,0
201205,13,100.4909,-1.7906888946679689,0
201206,13,99.9478,6.342357364575157,0
201207,13,104.01237,5.453069840156233,0
201208,13,108.38944,9.083505621216093,0
201209,13,104.85542,7.549657217932126,0
201210,13,104.64174,3.9690188603658916,0
201211,13,99.77079,7.962825675449459,0
201212,13,99.72996,8.47155222820868,0
201301,13,100.01638,11.733653613807382,0
201302,13,87.48744,0.8018643302471373,0
201303,13,99.78484,12.347516866509745,0
201304,13,101.55336,12.091731380805237,0
201305,13,111.7419,11.1960386462854,0
201306,13,104.56734,4.621952659288153,0
201307,13,113.88118,9.48811184669669,0
201308,13,114.32284,5.474149511243898,0
201309,13,103.43026,-1.359166745982221,0
201310,13,106.94231,2.1985203992211932,0
201311,13,108.64585,8.895449259247101,0
201312,13,102.14758,2.424166218456314,0
201401,13,95.78124,-4.234446397680058,0
201402,13,87.67653,0.2161338816177416,0
201403,13,103.65868,3.882192926300232,0
201404,13,104.74745,3.1452332054793697,0
201405,13,108.2479,-3.1268485679946334,0
201406,13,115.04825,10.02312002963832,0
201407,13,116.72926,2.5009224526826968,0
201408,13,119.29251,4.347049111096246,0
201409,13,111.16601,7.479194193266059,0
201410,13,114.53104,7.096096951711628,0
201411,13,106.19177,-2.258788531729461,0
201412,13,100.91891,-1.2028380897521118,0
201501,13,90.69422,-5.311081794305439,0
201502,13,81.98964,-6.4862170069915015,0
201503,13,94.31389,-9.014961409888688,0
201504,13,97.15264,-7.250591780515892,0
201505,13,108.73006,0.445422035900922,0
201506,13,109.20625,-5.077869502578269,0
201507,13,110.73527,-5.134950739857336,0
201508,13,112.52765,-5.670817052973398,0
201509,13,106.92634,-3.8138186303529276,0
201510,13,108.31019,-5.431584311117755,0
201511,13,94.43799,-11.068447206407805,0
201512,13,93.55864,-7.29325158188886,0
201601,13,90.77352,0.08743666354924517,0
201602,13,84.09715,2.57045890188079,0
201603,13,88.94237,-5.695364701848272,0
201604,13,95.62927,-1.568017091455265,0
201605,13,94.48468,-13.101602261600886,0
201606,13,94.9076,-13.093252446631942,0
201607,13,99.2711,-10.35277197590252,0
201608,13,98.64032,-12.341260125844622,0
201609,13,93.92328,-12.160764129773815,0
201610,13,98.85833,-8.726658128842734,0
201611,13,85.97166,-8.964962087820805,0
201612,13,80.57914,-13.873117437363348,0
201701,13,80.63798,-11.165745252580273,0
201702,13,75.19479,-10.585804631904894,0
201703,13,82.72605,-6.989154887597437,0
201704,13,88.0575,-7.917837289775398,0
201705,13,90.55154,-4.162727756499773,0
201706,13,89.60951,-5.58236642797837,0
201707,13,95.68598,-3.611443813959958,0
201708,13,95.01779,-3.672463755186517,0
201709,13,97.53611,3.8465756306636623,0
201710,13,97.54108,-1.3324623225984156,0
201711,13,86.94848,1.1362116306699255,0
201712,13,80.40535,-0.2156761663130169,0
201801,13,76.46695,-5.172537804146382,0
201802,13,69.99285,-6.91795269326504,0
201803,13,77.85147,-5.892436542056578,0
201804,13,88.10364,0.05239758112596249,0
201805,13,98.57492,8.860567142204312,0
201806,13,99.46902,11.002749596555095,0
201807,13,106.31007,11.103079050870356,0
201808,13,98.11262,3.2571058535459496,0
201809,13,92.50637,-5.156797825953885,0
201810,13,94.47411,-3.1442854641346996,0
201811,13,84.80147,-2.4692898599262603,0
201812,13,81.00886,0.7505843827556147,0
201901,13,77.24737,1.0205977876716732,0
201902,13,74.62814,6.6225193001856475,0
201903,13,81.45574,4.629674943838569,0
201904,13,84.44715,-4.150214451979517,0
201905,13,95.34889,-3.272668139116941,0
201906,13,95.25708,-4.234423944259225,0
201907,13,100.13675,-5.806900512811241,0
201908,13,103.02667,5.008580955232866,0
201909,13,97.9222,5.854548178682184,0
201910,13,97.47507,3.176489304847663,0
201911,13,89.51497,5.5582762893143345,0
201912,13,89.76599,10.810089168024351,0
202001,13,88.46935,14.527329538856804,0
202002,13,83.11459,11.37164881772479,0
202003,13,87.84842,7.848041157075003,0
202004,13,76.2739,-9.678538588928099,0
202005,13,96.88582,1.6119013026790308,0
202006,13,94.51182,-0.7823670429536578,0
202007,13,104.37478,4.23224240850637,0
202008,13,109.19166,5.98387776679572,0
202009,13,105.60228,7.843042742095241,0
202010,13,104.50506,7.212090229840307,0
202011,13,93.8597,4.853635095895137,0
202012,13,89.45134,-0.35052250858036427,0
202101,13,84.87294,-4.065147986280005,0
202102,13,80.15143,-3.5651502341526364,0
202103,13,87.29296,-0.6322936713033744,0
202104,13,81.40126,6.722299502188811,0
202105,13,91.63708,-5.417449116908957,0
202106,13,96.66273,2.275810581152693,0
202107,13,105.15995,0.7522602682372037,0
202108,13,103.72967,-5.00220438081077,0
202109,13,100.66918,-4.671395352448826,0
202110,13,106.11939,1.5447385992601648,0
202111,13,95.40126,1.642408829348474,0
202112,13,92.80415,3.748194269644256,0
202201,13,87.52909,3.1295604936037336,0
202202,13,78.47625,-2.090018855558795,0
202203,13,80.35015,-7.953459248030992,0
202204,13,94.51077,16.104799851992468,0
202205,13,110.05447,20.098185145139922,0
202206,13,110.34923,14.159024889944671,0
202207,13,121.7617,15.78714139746169,0
202208,13,116.3099,12.127899375366757,0
202209,13,105.98279,5.2782887473604045,0
202210,13,105.57274,-0.5151273485458185,0
202211,13,96.6457,1.3044272161604642,0
202212,13,92.45721,-0.3738410405138115,0
202301,13,85.5523,-2.258437737670982,0
202302,13,79.08293,0.7730746563450852,0
202303,13,88.46561,10.100118045828154,0
202304,13,97.01611,2.650851326256265,0
202305,13,117.84134,7.075469083627417,0
202306,13,114.96075,4.179023270030968,0
202307,13,123.13718,1.1296491425464517,0
202308,13,123.27742,5.990478884428585,0
202309,13,118.1528,11.483005872934648,0
202310,13,116.86033,10.691765696334121,0
202311,13,107.76436,11.504557367787704,0
202312,13,99.6037,7.729510765033898,0
202401,13,93.41215,9.18718725270975,0
202402,13,85.52241,8.142692740392876,0
202403,13,90.91395,2.7675613156344037,0
202404,13,97.81892,0.8275017417210373,0
202405,13,113.2053,-3.9341372051607815,0
202406,13,119.28504,3.7615360025051947,0
202407,13,122.36671,-0.6257005398369597,0
202408,13,122.20532,-0.8696645338619247,0
202409,13,122.47468,3.6578735332552403,0
202410,13,119.94364,2.638457378992509,0
202411,13,104.55962,-2.9738403308849026,0
202412,13,100.20365,0.602337061775815,0
202501,13,92.41081,-1.071959054576943,0
202502,13,83.7244,-2.1023846264388357,0
202503,13,95.52083,5.067297152967187,0
202504,13,95.36415,-2.5095042963058756,0
202505,13,108.01523,-4.584652838692172,0
202506,13,106.26264,-10.917043746642484,0
202507,13,114.47471,-6.449466525658809,0
202508,13,116.78158,-4.4382192199161175,0
202509,13,112.78574,-7.9109739253860445,0
202510,13,106.59056,-11.132795369558579,0
202511,13,94.43761,-9.680610928004507,0
202512,13,95.10142,-5.091860426241945,0
202601,13,91.09342,-1.4255799727326268,0
202602,13,86.69803,3.551688635570982,0
202603,13,99.52711,4.194142785400823,0
202604,13,108.11139,13.366909892239388,0
202605,13,114.29722,5.815837266652113,0
202606,13,106.76951,0.4769973717950071,0
202607,13,115.19758,0.6314669851533061,0
200201,14,77.12247,,0
200202,14,71.01247,,0
200203,14,74.85517,,0
200204,14,74.72363,,0
200205,14,81.08349,,0
200206,14,82.10874,,0
200207,14,86.99714,,0
200208,14,89.22015,,0
200209,14,92.85812,,0
200210,14,93.87829,,0
200211,14,90.15804,,0
200212,14,80.33473,,0
200301,14,81.90339,6.199127180444286,0
200302,14,73.23185,3.1253384088738345,0
200303,14,80.36559,7.361442102128679,0
200304,14,79.0043,5.7286697661770525,0
200305,14,81.57918,0.6113328373013927,0
200306,14,79.58901,-3.0687719723868523,0
200307,14,87.12912,0.15170613654655885,0
200308,14,89.75976,0.6048073221127659,0
200309,14,94.98921,2.2949958495821265,0
200310,14,98.40393,4.820752487076607,0
200311,14,89.58699,-0.6333877710739899,0
200312,14,84.69722,5.430391064985218,0
200401,14,83.57466,2.040538248783097,0
200402,14,75.83421,3.553590411822194,0
200403,14,89.64172,11.542415105768544,0
200404,14,80.56342,1.973462203955978,0
200405,14,89.93889,10.247357230116805,0
200406,14,92.42546,16.12842024294561,0
200407,14,94.95779,8.985136083091394,0
200408,14,99.05886,10.359987593549702,0
200409,14,100.52278,5.8254721773136175,0
200410,14,103.22889,4.9032188043709235,0
200411,14,98.75694,10.235805444518231,0
200412,14,91.11644,7.5790208934838565,0
200501,14,85.2213,1.970262278063717,0
200502,14,79.69132,5.086240101927619,0
200503,14,88.64728,-1.1093495305534162,0
200504,14,87.37144,8.450510169503755,0
200505,14,90.23852,0.33314843000618044,0
200506,14,89.8789,-2.7552581290912648,0
200507,14,92.18922,-2.9155796485996532,0
200508,14,96.56606,-2.5164836340737295,0
200509,14,99.88943,-0.6300561922382153,0
200510,14,101.6711,-1.5090639839293152,0
200511,14,96.211,-2.5779859116736525,0
200512,14,88.91491,-2.41617209803191,0
200601,14,86.34679,1.3206674857107359,0
200602,14,75.84563,-4.82573258919542,0
200603,14,88.98711,0.3833507356345356,0
200604,14,84.18847,-3.6430325515981132,0
200605,14,89.36098,-0.9724671902863635,0
200606,14,83.61955,-6.964204056791967,0
200607,14,89.51208,-2.9039620901446073,0
200608,14,98.88153,2.3978093338384188,0
200609,14,98.29584,-1.595353982898895,0
200610,14,106.08877,4.345059707232446,0
200611,14,100.96697,4.943270520002918,0
200612,14,90.27875,1.5338709784444404,0
200701,14,89.375,3.5070325138896408,0
200702,14,81.3675,7.280406267309014,0
200703,14,92.94732,4.450318703461664,0
200704,14,88.92923,5.631127397849145,0
200705,14,93.54209,4.67889900043621,0
200706,14,92.74512,10.913201518066051,0
200707,14,98.86276,10.446277195212094,0
200708,14,104.56326,5.745997255503643,0
200709,14,99.88014,1.6117670900416492,0
200710,14,111.99341,5.565754037868476,0
200711,14,104.19884,3.200918082418447,0
200712,14,94.36788,4.529449067471569,0
200801,14,98.97267,10.738651748251748,0
200802,14,90.24852,10.91470181583556,0
200803,14,93.35656,0.4402924151013732,0
200804,14,89.22522,0.33283769577223676,0
200805,14,92.21488,-1.4188372314537845,0
200806,14,94.25634,1.6294334408106792,0
200807,14,104.36747,5.568031885818292,0
200808,14,102.44607,-2.0247934121411237,0
200809,14,100.2484,0.36870192612865615,0
200810,14,97.2776,-13.139889213124222,0
200811,14,91.82537,-11.874863482165443,0
200812,14,75.09178,-20.426547677027397,0
200901,14,73.43078,-25.807013188590343,0
200902,14,72.91992,-19.200979694736265,0
200903,14,86.60319,-7.233953350466216,0
200904,14,81.77527,-8.349601155368392,0
200905,14,86.8642,-5.802404123933136,0
200906,14,92.34218,-2.030802384221575,0
200907,14,100.40698,-3.7947552048545274,0
200908,14,102.60763,0.1577024867815746,0
200909,14,106.69638,6.432002904784517,0
200910,14,106.80224,9.791195506468075,0
200911,14,99.0027,7.81628214511958,0
200912,14,90.44258,20.442716899239844,0
201001,14,93.06028,26.731978061515903,0
201002,14,89.1955,22.31979958288488,0
201003,14,103.92551,20.00194219173683,0
201004,14,93.21134,13.984753581370013,0
201005,14,96.1127,10.647079003778327,0
201006,14,93.93492,1.7248239103733631,0
201007,14,102.40851,1.9934171907172171,0
201008,14,108.25227,5.501189336504497,0
201009,14,106.4434,-0.2371027020785621,0
201010,14,110.77846,3.7229743496016487,0
201011,14,103.4318,4.473716373391823,0
201012,14,92.44655,2.2157373219561016,0
201101,14,93.44405,0.4123886152072487,0
201102,14,84.75503,-4.9783565314393545,0
201103,14,96.60123,-7.047624784328699,0
201104,14,89.77742,-3.6840152711032803,0
201105,14,96.02289,-0.0934423858657607,0
201106,14,94.94942,1.080003048919398,0
201107,14,97.68256,-4.614802031588983,0
201108,14,103.62521,-4.274330690709771,0
201109,14,105.76566,-0.636713971932501,0
201110,14,108.41166,-2.136516431082358,0
201111,14,105.0163,1.5319273182909043,0
201112,14,93.15224,0.7633492001594577,0
201201,14,95.41156,2.105548721400652,0
201202,14,91.08979,7.47419946639154,0
201203,14,97.70711,1.1447887361268672,0
201204,14,91.41152,1.8201681447294726,0
201205,14,97.8935,1.9480875861994873,0
201206,14,96.64488,1.7856454520733145,0
201207,14,103.66887,6.128330379547786,0
201208,14,112.14945,8.226029167998794,0
201209,14,109.02053,3.077435530587147,0
201210,14,114.69766,5.798269300553094,0
201211,14,108.51735,3.3338157981189553,0
201212,14,93.1545,0.002426135968391918,0
201301,14,100.58533,5.422581917746649,0
201302,14,93.64848,2.8089756272355215,0
201303,14,98.68689,1.0027724696800577,0
201304,14,99.98954,9.383959483443682,0
201305,14,103.6311,5.861063298380387,0
201306,14,103.72697,7.3279515686707875,0
201307,14,109.91332,6.023457186327974,0
201308,14,115.66772,3.137126396964063,0
201309,14,115.23387,5.699238482880253,0
201310,14,118.8793,3.6457936456593787,0
201311,14,112.16442,3.360817417675621,0
201312,14,98.31421,5.538873591721294,0
201401,14,102.16682,1.5722869328956834,0
201402,14,93.81685,0.17978935696554288,0
201403,14,96.84286,-1.8685663313536383,0
201404,14,92.59914,-7.391173116708005,0
201405,14,100.75595,-2.7744084546048486,0
201406,14,98.83923,-4.712120676040177,0
201407,14,109.08643,-0.7523110028884616,0
201408,14,111.68705,-3.4414701007333792,0
201409,14,112.44755,-2.417969647292062,0
201410,14,114.3996,-3.768275889915229,0
201411,14,106.64804,-4.918119310918745,0
201412,14,97.7653,-0.558322138783407,0
201501,14,94.56112,-7.444393395037641,0
201502,14,88.60768,-5.552488705387148,0
201503,14,95.96341,-0.9081206399728425,0
201504,14,88.77787,-4.126679794218402,0
201505,14,95.08167,-5.63170711010118,0
201506,14,96.68525,-2.1792763865117193,0
201507,14,101.91903,-6.57038643578306,0
201508,14,104.3659,-6.555057188814639,0
201509,14,106.37936,-5.396462617460318,0
201510,14,107.03788,-6.435092430393119,0
201511,14,97.93755,-8.167510626543152,0
201512,14,88.98354,-8.98249174298037,0
201601,14,89.97579,-4.849064816491177,0
201602,14,87.52432,-1.222647969115087,0
201603,14,90.86195,-5.316047022505765,0
201604,14,84.17956,-5.1795678359933595,0
201605,14,93.81518,-1.332002267103638,0
201606,14,99.99982,3.4282064741002483,0
201607,14,101.08466,-0.8186596752343567,0
201608,14,106.26357,1.818285474470116,0
201609,14,106.20689,-0.16212731492274424,0
201610,14,104.97366,-1.9284948468710428,0
201611,14,98.22753,0.2960866388836525,0
201612,14,90.96279,2.2242877727723487,0
201701,14,91.98659,2.234823389714058,0
201702,14,83.52931,-4.564457056050264,0
201703,14,92.709,2.0328091131656345,0
201704,14,82.82758,-1.6060668409290768,0
201705,14,94.91333,1.1705461738708012,0
201706,14,95.42318,-4.576648237966829,0
201707,14,100.38794,-0.6892440455356863,0
201708,14,108.82754,2.412840073037259,0
201709,14,104.61182,-1.501851716023328,0
201710,14,109.11402,3.9441894280908274,0
201711,14,105.98826,7.900768755968923,0
201712,14,94.69901,4.107415790566682,0
201801,14,93.41114,1.548649645562472,0
201802,14,86.80199,3.91800195643901,0
201803,14,91.20721,-1.6198966659116132,0
201804,14,86.03941,3.877730099080523,0
201805,14,86.31382,-9.06038171877438,0
201806,14,94.80916,-0.6434704858924167,0
201807,14,105.53939,5.1315426932756925,0
201808,14,110.95991,1.9594029231938759,0
201809,14,105.75088,1.088844453714688,0
201810,14,110.63281,1.3919292864473354,0
201811,14,102.06385,-3.702683674588103,0
201812,14,89.79707,-5.176337112711105,0
201901,14,94.72121,1.4024772634184668,0
201902,14,87.07718,0.31703190214877885,0
201903,14,87.39802,-4.176413246277355,0
201904,14,86.81393,0.9001921328842144,0
201905,14,93.95734,8.855499617558337,0
201906,14,93.39775,-1.4886852704949605,0
201907,14,99.49502,-5.72712235687548,0
201908,14,104.82009,-5.533367862320726,0
201909,14,103.69049,-1.9483431248988214,0
201910,14,108.51553,-1.9137903122952493,0
201911,14,97.6895,-4.285895544798679,0
201912,14,88.07375,-1.919127205375415,0
202001,14,92.06205,-2.807354340173651,0
202002,14,88.92532,2.1224159992319525,0
202003,14,89.57869,2.4951022917910404,0
202004,14,77.2358,-11.032941372427219,0
202005,14,81.38997,-13.375612804704772,0
202006,14,91.59515,-1.9300250809039854,0
202007,14,105.95296,6.490716821806775,0
202008,14,107.48512,2.5424801676854125,0
202009,14,108.20848,4.35718839789454,0
202010,14,106.63664,-1.7314480240754437,0
202011,14,103.29515,5.738231846820807,0
202012,14,95.00457,7.869336777416658,0
202101,14,96.50402,4.824974025670725,0
202102,14,93.12869,4.726853948909038,0
202103,14,94.20413,5.1635495004448195,0
202104,14,86.66024,12.202165317119796,0
202105,14,96.26421,18.27527396803317,0
202106,14,98.5298,7.570979467799321,0
202107,14,105.64315,-0.2924033457866626,0
202108,14,104.9289,-2.3782082580360853,0
202109,14,106.14321,-1.9086027268842454,0
202110,14,109.69134,2.864587631418236,0
202111,14,102.49839,-0.771343088228249,0
202112,14,93.08169,-2.0239868461064625,0
202201,14,92.35471,-4.29962399493824,0
202202,14,90.83534,-2.4625601412411213,0
202203,14,99.9377,6.086325514603241,0
202204,14,92.60075,6.854942935768471,0
202205,14,97.93501,1.7356398603385337,0
202206,14,104.23362,5.788928831683426,0
202207,14,104.24733,-1.3212593528307282,0
202208,14,111.9414,6.683096839860148,0
202209,14,109.37185,3.041777236622112,0
202210,14,104.91652,-4.352959859912364,0
202211,14,101.76772,-0.7128599776055067,0
202212,14,89.85807,-3.4632160202505924,0
202301,14,90.62193,-1.8762226636843904,0
202302,14,83.08616,-8.53101887437202,0
202303,14,90.12488,-9.818937197874277,0
202304,14,80.65257,-12.902897654716627,0
202305,14,91.11883,-6.959901265134915,0
202306,14,92.70547,-11.059915217374193,0
202307,14,97.27355,-6.689648550231464,0
202308,14,106.53523,-4.829464344737522,0
202309,14,105.7512,-3.3104039110612105,0
202310,14,105.84561,0.8855516747982017,0
202311,14,101.42556,-0.3362166313640391,0
202312,14,82.20973,-8.511578314557621,0
202401,14,91.77592,1.2734114137714636,0
202402,14,84.90916,2.194107899558717,0
202403,14,82.56642,-8.386651943392332,0
202404,14,85.26264,5.715961686031834,0
202405,14,87.446,-4.030813389504672,0
202406,14,96.60427,4.205577081913292,0
202407,14,106.76704,9.759580070841455,0
202408,14,112.48512,5.584903698053689,0
202409,14,107.84594,1.9808191301848188,0
202410,14,114.39492,8.0771512394326,0
202411,14,103.25547,1.804190186379051,0
202412,14,90.26217,9.79499628571947,0
202501,14,93.38345,1.7515814605835622,0
202502,14,89.55161,5.46754908422129,0
202503,14,89.86768,8.84289278861794,0
202504,14,86.02753,0.8970986589202479,0
202505,14,92.77025,6.088614687921701,0
202506,14,99.01081,2.491132120764439,0
202507,14,108.58937,1.7068282496171205,0
202508,14,109.10268,-3.007011060662945,0
202509,14,108.98634,1.0574343364247119,0
202510,14,112.95923,-1.2550295065550054,0
202511,14,101.28817,-1.9052743646414183,0
202512,14,82.81164,-8.254321827184086,0
202601,14,91.35432,-2.172901086862822,0
202602,14,83.51842,-6.737109472403668,0
202603,14,91.51995,1.8385586453327774,0
202604,14,82.52212,-4.074753744528059,0
202605,14,92.68205,-0.09507358231760632,0
202606,14,94.34296,-4.7144852163112265,0
202607,14,101.06285,-6.931175675851153,0
200201,15,55.42792,,0
200202,15,76.4319,,0
200203,15,86.01877,,0
200204,15,91.12036,,0
200205,15,78.1067,,0
200206,15,82.46102,,0
200207,15,86.75191,,0
200208,15,92.17429,,0
200209,15,78.30422,,0
200210,15,94.88112,,0
200211,15,83.82759,,0
200212,15,84.5701,,0
200301,15,50.47539,-8.935081814363599,0
200302,15,75.70739,-0.9479157262870519,0
200303,15,71.27562,-17.13945688830473,0
200304,15,74.80801,-17.901981511047595,0
200305,15,80.09364,2.5438790782352783,0
200306,15,77.51659,-5.99608154252762,0
200307,15,81.20213,-6.3973000709725,0
200308,15,82.23765,-10.780272893883968,0
200309,15,88.62267,13.177386863696494,0
200310,15,80.53317,-15.122028492075135,0
200311,15,84.25664,0.5118243289589985,0
200312,15,67.53617,-20.141787700381098,0
200401,15,53.77398,6.535046088796936,0
200402,15,55.58088,-26.584604224237562,0
200403,15,83.47584,17.116960890694454,0
200404,15,80.9463,8.205391374533288,0
200405,15,89.36167,11.571493067364669,0
200406,15,80.43353,3.762988026176095,0
200407,15,75.3554,-7.200217531239628,0
200408,15,86.95548,5.736824921431971,0
200409,15,85.87987,-3.0949191668452336,0
200410,15,83.71165,3.946796084147697,0
200411,15,76.00546,-9.792913650485001,0
200412,15,70.07476,3.758859882045429,0
200501,15,63.3401,17.78949596068582,0
200502,15,62.08448,11.701146149539188,0
200503,15,95.98607,14.986647633614702,0
200504,15,91.81173,13.423010069638774,0
200505,15,93.4536,4.579066170092827,0
200506,15,88.90227,10.528867749556682,0
200507,15,88.17235,17.008668257351147,0
200508,15,106.28408,22.228156293312406,0
200509,15,91.60155,6.662422754016761,0
200510,15,94.62183,13.033048566119533,0
200511,15,90.71912,19.358688178454564,0
200512,15,87.52251,24.89876526155781,0
200601,15,57.78697,-8.767163297816083,0
200602,15,89.06591,43.45921879348913,0
200603,15,103.03513,7.343836454602215,0
200604,15,82.28681,-10.37440422917637,0
200605,15,99.27458,6.228738111747445,0
200606,15,96.34075,8.367030448153901,0
200607,15,93.02647,5.50526327130898,0
200608,15,100.26477,-5.663416383714292,0
200609,15,92.86065,1.3745400596387292,0
200610,15,100.58288,6.2998675886949185,0
200611,15,100.81846,11.132537440839375,0
200612,15,85.64562,-2.1444654637989724,0
200701,15,65.72889,13.743444240111579,0
200702,15,82.98723,-6.824923250657866,0
200703,15,89.40314,-13.230429272035671,0
200704,15,82.47019,0.22285467136227144,0
200705,15,104.58196,5.346162129318488,0
200706,15,105.92006,9.943154895514116,0
200707,15,99.87658,7.363613818733539,0
200708,15,108.49595,8.209443855503773,0
200709,15,93.55982,0.7529238703368968,0
200710,15,98.47543,-2.095237280936879,0
200711,15,100.1528,-0.6602560681843395,0
200712,15,89.90407,4.972174875959801,0
200801,15,75.08914,14.240693856232767,0
200802,15,63.71867,-23.218704853746765,0
200803,15,88.431,-1.0873667300723366,0
200804,15,105.93251,28.44945549416098,0
200805,15,112.7194,7.7809212984724985,0
200806,15,110.51998,4.342822313355943,0
200807,15,116.78093,16.925239130134393,0
200808,15,127.28369,17.316535778524454,0
200809,15,121.35953,29.71330000421122,0
200810,15,126.55394,28.513213905235023,0
200811,15,115.21215,15.03637441988641,0
200812,15,100.79558,12.114590585276064,0
200901,15,73.50532,-2.1092530824031286,0
200902,15,74.58848,17.059066047674886,0
200903,15,109.64668,23.99122479673419,0
200904,15,103.72197,-2.0867437201289696,0
200905,15,128.90613,14.360198865501417,0
200906,15,124.54295,12.68817638222519,0
200907,15,128.81631,10.305946356138795,0
200908,15,134.69493,5.8226156077027635,0
200909,15,121.19713,-0.13381726181701525,0
200910,15,130.00056,2.7234395072962547,0
200911,15,118.88449,3.1874589615765503,0
200912,15,117.16469,16.239908535671898,0
201001,15,77.46064,5.380998273322257,0
201002,15,112.87266,51.32720227037739,0
201003,15,130.80681,19.29846849900061,0
201004,15,113.74649,9.664799077765295,0
201005,15,122.15896,-5.23417311496358,0
201006,15,113.09116,-9.195052791025105,0
201007,15,125.94175,-2.2315186640573637,0
201008,15,121.60004,-9.721887824582554,0
201009,15,127.06073,4.838068360199621,0
201010,15,124.42883,-4.285927691388403,0
201011,15,121.65988,2.3345265643987645,0
201012,15,106.31922,-9.256602821208325,0
201101,15,83.20022,7.409672835132786,0
201102,15,119.77564,6.115723683662644,0
201103,15,139.77045,6.8525790056343405,0
201104,15,133.72494,17.564014502777205,0
201105,15,130.17678,6.563431777742723,0
201106,15,125.06925,10.591535182767586,0
201107,15,109.60384,-12.972592488193946,0
201108,15,126.22822,3.806067826951365,0
201109,15,115.31119,-9.24718439757115,0
201110,15,132.11223,6.1749355032913344,0
201111,15,119.08256,-2.1184633751077153,0
201112,15,106.56402,0.2302499961907234,0
201201,15,83.72297,0.6283036270817499,0
201202,15,108.50103,-9.413107707042933,0
201203,15,133.22837,-4.6805887796741,0
201204,15,110.61054,-17.285032993845427,0
201205,15,119.35255,-8.31502361634695,0
201206,15,125.97988,0.7281006322497285,0
201207,15,117.88093,7.551824826575415,0
201208,15,135.60551,7.428838020531403,0
201209,15,128.82392,11.71848976669132,0
201210,15,141.16229,6.850281764224242,0
201211,15,129.1169,8.426372425987472,0
201212,15,110.20237,3.4142386895689603,0
201301,15,97.98941,17.040054837997264,0
201302,15,103.80339,-4.329581018723971,0
201303,15,125.41579,-5.864051327806541,0
201304,15,119.2698,7.828602952304542,0
201305,15,124.63933,4.429549263924404,0
201306,15,137.54658,9.181386742073428,0
201307,15,121.53601,3.1006541940244325,0
201308,15,121.8872,-10.116336718176132,0
201309,15,129.37753,0.4297416194135595,0
201310,15,124.78269,-11.603382178059029,0
201311,15,128.53406,-0.45140488967747583,0
201312,15,101.01916,-8.333042202268427,0
201401,15,99.65567,1.7004490587299026,0
201402,15,123.54153,19.01492812517973,0
201403,15,131.82063,5.106884866730099,0
201404,15,124.75116,4.5957652314332575,0
201405,15,131.56384,5.555638015705,0
201406,15,122.01827,-11.289491894309556,0
201407,15,133.24919,9.637620981633344,0
201408,15,122.11852,0.18978202797339527,0
201409,15,136.23033,5.296746660722307,0
201410,15,122.22576,-2.0491063303732293,0
201411,15,122.63805,-4.58711877614385,0
201412,15,101.43598,0.4126147950547221,0
201501,15,84.01108,-15.698645144827172,0
201502,15,88.39459,-28.449493866556452,0
201503,15,123.53607,-6.284721898233991,0
201504,15,95.07697,-23.786704668718105,0
201505,15,111.02864,-15.608544110600608,0
201506,15,115.63853,-5.228512090853277,0
201507,15,110.96707,-16.72214292634724,0
201508,15,114.02052,-6.631262809277416,0
201509,15,119.80965,-12.053615373316651,0
201510,15,119.1065,-2.5520479479939406,0
201511,15,113.64819,-7.330400312138041,0
201512,15,93.94061,-7.389261680125725,0
201601,15,82.53855,-1.7527807046403998,0
201602,15,90.29726,2.1524733583808686,0
201603,15,127.63896,3.3212081297389506,0
201604,15,112.62822,18.46004347845751,0
201605,15,113.63178,2.3445662308391846,0
201606,15,123.79391,7.052476367522131,0
201607,15,100.42005,-9.504639529546921,0
201608,15,115.63194,1.4132719268426408,0
201609,15,126.23872,5.366070262286882,0
201610,15,106.02167,-10.985823611641676,0
201611,15,100.02916,-11.983499253265705,0
201612,15,68.51308,-27.067665411157115,0
201701,15,88.68404,7.445599662218427,0
201702,15,101.22802,12.105306406861072,0
201703,15,106.14678,-16.83826004223161,0
201704,15,102.01266,-9.425310992218472,0
201705,15,114.94329,1.1541753548170997,0
201706,15,105.0883,-15.11028288871399,0
201707,15,101.13244,0.7094101227792748,0
201708,15,108.51729,-6.152841507285956,0
201709,15,89.80137,-28.863846211368426,0
201710,15,101.1863,-4.5607374416946955,0
201711,15,108.11919,8.087671634951255,0
201712,15,74.67049,8.987203611339623,0
201801,15,98.51564,11.086098468224947,0
201802,15,97.69801,-3.4871866504946003,0
201803,15,118.1944,11.34996275911524,0
201804,15,109.9021,7.733785198817489,0
201805,15,105.45938,-8.250947053977665,0
201806,15,95.8754,-8.766817999720244,0
201807,15,101.33059,0.19593119675545,0
201808,15,116.93314,7.755307932957045,0
201809,15,110.81169,23.396435934106563,0
201810,15,109.64004,8.354629035748907,0
201811,15,116.28122,7.549103910230914,0
201812,15,93.14601,24.742733039518015,0
201901,15,76.37409,-22.47516231940432,0
201902,15,95.507,-2.2426352389367965,0
201903,15,108.95242,-7.8193044678935735,0
201904,15,110.37114,0.42677983405230435,0
201905,15,110.48164,4.762269605605507,0
201906,15,100.56619,4.892589757122279,0
201907,15,110.25241,8.804665994740567,0
201908,15,109.57546,-6.292211087464161,0
201909,15,100.81088,-9.025049613447822,0
201910,15,115.4703,5.3176376075747545,0
201911,15,110.86773,-4.655515310210889,0
201912,15,76.99576,-17.338638552526298,0
202001,15,83.10008,8.806638481715478,0
202002,15,93.70724,-1.8844273194634997,0
202003,15,104.25333,-4.312974415804627,0
202004,15,107.85588,-2.278910954439717,0
202005,15,111.58508,0.998754182142858,0
202006,15,114.57344,13.928388855141073,0
202007,15,110.92723,0.6120682532019028,0
202008,15,104.06777,-5.026390032950823,0
202009,15,112.35891,11.455142540170261,0
202010,15,117.84753,2.0587371817688327,0
202011,15,100.54763,-9.308479572910889,0
202012,15,90.73434,17.8432942281497,0
202101,15,85.83062,3.285845212182692,0
202102,15,97.4285,3.9711552703932007,0
202103,15,105.1766,0.885602407136532,0
202104,15,97.80052,-9.322959490015748,0
202105,15,109.90043,-1.509744851193373,0
202106,15,108.77996,-5.056564592980717,0
202107,15,114.3417,3.0781170682798065,0
202108,15,97.89625,-5.930289464259686,0
202109,15,109.16643,-2.8413233983846875,0
202110,15,103.01495,-12.5862459739292,0
202111,15,110.33586,9.734918664915316,0
202112,15,73.53292,-18.958004213178825,0
202201,15,64.91064,-24.37356272155554,0
202202,15,91.09473,-6.5009417162329335,0
202203,15,96.42,-8.325616154163562,0
202204,15,88.32543,-9.688179572051359,0
202205,15,97.93613,-10.886490617006682,0
202206,15,100.79714,-7.338502422688887,0
202207,15,109.28011,-4.426722709212838,0
202208,15,110.52819,12.903395176015419,0
202209,15,105.30682,-3.5355282754964135,0
202210,15,107.6749,4.523566725023898,0
202211,15,118.67879,7.561394817605094,0
202212,15,109.04715,48.29704845122429,0
202301,15,87.9888,35.55373972587545,0
202302,15,101.37285,11.282891996057298,0
202303,15,111.13009,15.256264260526864,0
202304,15,107.31936,21.504486307057903,0
202305,15,101.70372,3.84698680660549,0
202306,15,92.14587,-8.582852648398553,0
202307,15,97.06754,-11.175473743575115,0
202308,15,117.97193,6.734698179713261,0
202309,15,98.93715,-6.048677569031136,0
202310,15,104.29138,-3.142347938098844,0
202311,15,96.56606,-18.632419491300855,0
202312,15,62.64635,-42.55113499068981,0
202401,15,72.81993,-17.23954639681414,0
202402,15,82.38201,-18.73365501709778,0
202403,15,92.89157,-16.411864689392395,0
202404,15,100.29527,-6.545035303974977,0
202405,15,103.71688,1.9794359537684603,0
202406,15,107.13063,16.261998503025676,0
202407,15,102.73259,5.836194056221067,0
202408,15,109.92502,-6.821037851970379,0
202409,15,102.03566,3.1317962969420465,0
202410,15,108.97781,4.493592854941597,0
202411,15,102.85939,6.517124132433283,0
202412,15,73.13778,16.74707305373737,0
202501,15,76.25211,4.713242652114613,0
202502,15,78.09417,-5.204825665214996,0
202503,15,98.35247,5.878789646896898,0
202504,15,91.15865,-9.109721724663588,0
202505,15,93.91076,-9.454700141384897,0
202506,15,93.42517,-12.793222629233114,0
202507,15,112.929,9.925195110918562,0
202508,15,124.52659,13.283208863641782,0
202509,15,112.9599,10.706296210560119,0
202510,15,101.00811,-7.313140170462229,0
202511,15,108.3472,5.335254272847623,0
202512,15,93.87264,28.35040932333466,0
202601,15,92.11852,20.80783076035535,0
202602,15,94.13479,20.54009921611304,0
202603,15,102.51,4.227173959128838,0
202604,15,93.41647,2.4768028047804647,0
202605,15,106.34937,13.245138256787614,0
202606,15,95.52751,2.2502929349767387,0
202607,15,97.41078,-13.74157213824615,0
200201,16,103.0236,,0
200202,16,97.03567,,0
200203,16,107.05998,,0
200204,16,113.92906,,0
200205,16,112.73498,,0
200206,16,100.85038,,0
200207,16,107.35741,,0
200208,16,106.5444,,0
200209,16,104.79345,,0
200210,16,116.51097,,0
200211,16,111.61211,,0
200212,16,100.65356,,0
200301,16,104.56054,1.4918329392488827,0
200302,16,101.14804,4.237998253631892,0
200303,16,102.44735,-4.30845400867812,0
200304,16,98.5832,-13.469662612857514,0
200305,16,100.38428,-10.955517089726708,0
200306,16,96.71822,-4.097317233707997,0
200307,16,102.71302,-4.3261010115650205,0
200308,16,103.4382,-2.915404282158429,0
200309,16,103.95188,-0.8030750013478971,0
200310,16,115.38451,-0.966827415478555,0
200311,16,109.36335,-2.0147992901487166,0
200312,16,99.09496,-1.5484797557085872,0
200401,16,103.93969,-0.5937708431880795,0
200402,16,102.11371,0.9547095524540028,0
200403,16,116.71623,13.92801277924709,0
200404,16,107.23854,8.779731232096344,0
200405,16,111.15679,10.731271868463853,0
200406,16,109.69544,13.417554624144245,0
200407,16,115.81121,12.752219728326564,0
200408,16,117.1804,13.285420666639602,0
200409,16,117.22708,12.770524207931588,0
200410,16,115.41352,0.0251420229630428,0
200411,16,113.57193,3.8482544655042084,0
200412,16,103.96615,4.91567885995412,0
200501,16,103.00941,-0.8950190249749634,0
200502,16,102.09766,-0.01571777188390522,0
200503,16,112.76011,-3.389520035045679,0
200504,16,111.1067,3.6070614165392367,0
200505,16,113.99355,2.5520348329598264,0
200506,16,111.63804,1.770903147842784,0
200507,16,108.88895,-5.97719339949907,0
200508,16,116.70037,-0.4096504193534023,0
200509,16,111.33838,-5.023327374528142,0
200510,16,112.43914,-2.577150406642148,0
200511,16,111.21023,-2.07947509565084,0
200512,16,102.84575,-1.0776584494087804,0
200601,16,108.46837,5.299477008945086,0
200602,16,105.3767,3.2116700813711097,0
200603,16,119.6109,6.0755439135346645,0
200604,16,107.49408,-3.251487084037241,0
200605,16,116.04476,1.799408826201132,0
200606,16,111.16711,-0.42183649945843893,0
200607,16,111.38295,2.2904068778328845,0
200608,16,120.15559,2.96076182106364,0
200609,16,113.1163,1.5968617470453639,0
200610,16,117.94599,4.897627285302963,0
200611,16,114.07263,2.573863933201115,0
200612,16,101.44293,-1.3640038601497761,0
200701,16,110.01351,1.4245074393576695,0
200702,16,102.87747,-2.3717102547337277,0
200703,16,120.51463,0.7555582308970132,0
200704,16,111.31355,3.5531910222404983,0
200705,16,122.58469,5.635696088302478,0
200706,16,117.00422,5.250752673160264,0
200707,16,122.01659,9.546918985356378,0
200708,16,128.07954,6.59474103535258,0
200709,16,119.58116,5.7152329063097085,0
200710,16,132.91007,12.687230824888584,0
200711,16,128.18958,12.375405038000785,0
200712,16,110.37944,8.80939657401456,0
200801,16,121.88109,10.787384203994588,0
200802,16,115.39491,12.167328764986141,0
200803,16,122.29762,1.4794801261888368,0
200804,16,127.08194,14.165741726860738,0
200805,16,128.62594,4.928225539420961,0
200806,16,130.03175,11.13423943170595,0
200807,16,135.79466,11.291964477945182,0
200808,16,134.62304,5.1089346510769795,0
200809,16,130.51555,9.143906949890756,0
200810,16,127.00703,-4.441379046749427,0
200811,16,106.98649,-16.540416155509675,0
200812,16,75.87591,-31.259018889749758,0
200901,16,93.487,-23.296550761073764,0
200902,16,89.37577,-22.547909608838022,0
200903,16,102.39853,-16.271036182061437,0
200904,16,101.57572,-20.07068825043118,0
200905,16,104.29933,-18.91267811142917,0
200906,16,107.8406,-17.06594735516518,0
200907,16,119.28871,-12.155080324955335,0
200908,16,120.79545,-10.27133988357416,0
200909,16,119.31151,-8.584448366497321,0
200910,16,127.61141,0.47586342267826875,0
200911,16,121.87072,13.912251911432927,0
200912,16,112.5417,48.32336113003455,0
201001,16,115.97527,24.054970209761795,0
201002,16,111.11079,24.31869398160149,0
201003,16,128.65226,25.638776259776396,0
201004,16,122.82775,20.92235231017805,0
201005,16,126.43755,21.225658880071418,0
201006,16,125.12046,16.02351989881361,0
201007,16,127.83383,7.163393752853908,0
201008,16,131.33857,8.728077092307696,0
201009,16,126.67925,6.175213103915955,0
201010,16,130.97925,2.6391370489519783,0
201011,16,125.62829,3.083242636131134,0
201012,16,114.73331,1.9473759504254895,0
201101,16,120.13677,3.588264980973954,0
201102,16,118.82945,6.946814076292673,0
201103,16,129.26276,0.47453499845240277,0
201104,16,120.02429,-2.2824321051228225,0
201105,16,127.6957,0.9950762253776668,0
201106,16,124.0943,-0.820137649749686,0
201107,16,126.65777,-0.9199912104643992,0
201108,16,128.65007,-2.046999598061716,0
201109,16,121.48556,-4.099874288804195,0
201110,16,124.6887,-4.802707299056919,0
201111,16,121.56275,-3.2361659941403387,0
201112,16,106.85952,-6.862688786717652,0
201201,16,117.76425,-1.9748491656634282,0
201202,16,111.13573,-6.474590263608892,0
201203,16,127.83083,-1.1077668463832735,0
201204,16,117.16116,-2.3854588100458707,0
201205,16,127.94889,0.19827605784690228,0
201206,16,116.93017,-5.773133818394561,0
201207,16,120.59128,-4.7896706218655165,0
201208,16,127.92506,-0.5635519669752176,0
201209,16,120.50568,-0.8065814570884067,0
201210,16,128.42246,2.9944654166736973,0
201211,16,124.10339,2.08998233422657,0
201212,16,108.11214,1.1722118909012424,0
201301,16,117.29224,-0.40080924389193084,0
201302,16,109.68663,-1.3039010946344631,0
201303,16,122.9081,-3.8509724140882162,0
201304,16,125.0441,6.728287770452268,0
201305,16,126.18473,-1.3788005507511691,0
201306,16,120.60578,3.1434231216802333,0
201307,16,125.51268,4.081057933873833,0
201308,16,128.17677,0.19676363646028427,0
201309,16,123.39927,2.4012063165819164,0
201310,16,130.75585,1.8169641042540485,0
201311,16,125.00988,0.7304312960346948,0
201312,16,103.69117,-4.089244741617359,0
201401,16,117.00637,-0.2437245635346419,0
201402,16,117.24255,6.888642672311107,0
201403,16,123.99626,0.8853444158684498,0
201404,16,118.75677,-5.028090089816306,0
201405,16,120.93458,-4.160685686770504,0
201406,16,106.95885,-11.315320045191868,0
201407,16,112.98529,-9.980975627323074,0
201408,16,117.92451,-7.998532027293248,0
201409,16,122.28771,-0.9007832866434251,0
201410,16,127.04788,-2.835796639309063,0
201411,16,119.8175,-4.153575701376566,0
201412,16,101.52065,-2.093254420795909,0
201501,16,111.6608,-4.568614512184254,0
201502,16,109.15895,-6.89476644784679,0
201503,16,120.69744,-2.6604189513458,0
201504,16,109.13959,-8.09821621116843,0
201505,16,107.90134,-10.777099486350384,0
201506,16,101.84091,-4.784961693211931,0
201507,16,102.49994,-9.2802788752412,0
201508,16,105.45864,-10.571059400628414,0
201509,16,103.50709,-15.357733005221863,0
201510,16,110.58605,-12.957185905030455,0
201511,16,105.41052,-12.024103323804948,0
201512,16,88.38043,-12.943396245000404,0
201601,16,95.18749,-14.752992993064707,0
201602,16,92.47856,-15.280826721033868,0
201603,16,101.09907,-16.237602056845613,0
201604,16,97.59259,-10.580028750337068,0
201605,16,102.46912,-5.034432380543185,0
201606,16,99.88912,-1.9165087978887718,0
201607,16,100.52201,-1.9296889344520562,0
201608,16,106.91344,1.379498161554138,0
201609,16,102.08299,-1.3758477800892788,0
201610,16,100.65069,-8.984279662760365,0
201611,16,100.88045,-4.297550187590393,0
201612,16,91.89903,3.9811981000771324,0
201701,16,97.73178,2.672924771942209,0
201702,16,93.73863,1.3625536556797657,0
201703,16,107.32329,6.156555149320364,0
201704,16,95.61807,-2.0232273782261556,0
201705,16,106.39721,3.8334378200964414,0
201706,16,103.10288,3.217327372590728,0
201707,16,104.07171,3.5312664360770407,0
201708,16,112.70557,5.417588284503805,0
201709,16,105.06198,2.9182041004089054,0
201710,16,111.77072,11.048140852288245,0
201711,16,109.7574,8.799475022167336,0
201712,16,99.77599,8.571320067252074,0
201801,16,104.1912,6.609334241124021,0
201802,16,99.35948,5.996300564665824,0
201803,16,110.18821,2.6694299065934235,0
201804,16,104.36827,9.15119914049718,0
201805,16,98.85063,-7.092836362908395,0
201806,16,104.52498,1.379301916687492,0
201807,16,110.03353,5.728569272091333,0
201808,16,114.37977,1.48546340699931,0
201809,16,103.91389,-1.0927739987386609,0
201810,16,112.68003,0.8135493803743898,0
201811,16,107.19138,-2.33790159023447,0
201812,16,89.20196,-10.597770064721978,0
201901,16,102.39933,-1.7197901550226824,0
201902,16,98.37913,-0.9866698175151511,0
201903,16,102.49475,-6.982108158395528,0
201904,16,102.50133,-1.7888003700741617,0
201905,16,107.4279,8.677000844607674,0
201906,16,99.96824,-4.359474644242944,0
201907,16,107.63854,-2.176600169057552,0
201908,16,108.44981,-5.1844482638844225,0
201909,16,103.19464,-0.6921596333271607,0
201910,16,110.38592,-2.0359508246492353,0
201911,16,107.08785,-0.09658425892081768,0
201912,16,91.05922,2.082084295008757,0
202001,16,101.56214,-0.8175737087342316,0
202002,16,101.69341,3.3688852503574562,0
202003,16,97.83633,-4.545032794362635,0
202004,16,66.45568,-35.16603150417657,0
202005,16,77.273,-28.069896181531984,0
202006,16,90.58521,-9.386010997092665,0
202007,16,106.75784,-0.8182013617055839,0
202008,16,112.83424,4.042819438780021,0
202009,16,112.36773,8.889114783481,0
202010,16,120.05649,8.76069158095525,0
202011,16,115.22011,7.594008097090388,0
202012,16,108.05033,18.65940648294595,0
202101,16,112.18366,10.458149070116086,0
202102,16,108.79125,6.979645977059867,0
202103,16,119.22275,21.85938495444382,0
202104,16,106.96309,60.95402228974256,0
202105,16,105.29326,36.26138495981781,0
202106,16,102.84655,13.535697494105259,0
202107,16,105.5955,-1.0887631297148759,0
202108,16,105.21741,-6.750459789510699,0
202109,16,105.31441,-6.276997853387267,0
202110,16,110.0375,-8.345229816397271,0
202111,16,102.83253,-10.751230839824743,0
202112,16,88.24446,-18.33022629361706,0
202201,16,92.25172,-17.76723989928658,0
202202,16,93.62565,-13.940091689359225,0
202203,16,103.17568,-13.459738179164638,0
202204,16,97.9746,-8.403356709309728,0
202205,16,103.57995,-1.6271791755711695,0
202206,16,99.45503,-3.2976507233349106,0
202207,16,104.27718,-1.2484622924272326,0
202208,16,108.84262,3.445446908453653,0
202209,16,103.75873,-1.477176770016564,0
202210,16,104.5335,-5.001931159831862,0
202211,16,101.35033,-1.4413726862501641,0
202212,16,87.17501,-1.2119174393497412,0
202301,16,97.73895,5.948105899814116,0
202302,16,94.32279,0.7446036422711133,0
202303,16,107.20353,3.903875409398805,0
202304,16,97.70311,-0.27710243267132784,0
202305,16,101.93101,-1.5919490210219212,0
202306,16,101.38799,1.943551774103347,0
202307,16,100.3855,-3.7320533600927908,0
202308,16,108.40017,-0.4065043638236454,0
202309,16,102.88983,-0.8374235112553863,0
202310,16,107.95634,3.2743952895483153,0
202311,16,103.06925,1.6960181580069733,0
202312,16,89.18235,2.3026553137189154,0
202401,16,99.59122,1.8951196017555016,0
202402,16,101.57711,7.6909514657062195,0
202403,16,107.97745,0.7219165264427341,0
202404,16,105.52372,8.004463726896716,0
202405,16,106.44084,4.42439449976999,0
202406,16,102.63891,1.2337950481117188,0
202407,16,112.87371,12.440252825358256,0
202408,16,114.79506,5.899335766724345,0
202409,16,109.32284,6.252328339934077,0
202410,16,115.85194,7.313697370622241,0
202411,16,108.3943,5.166477877737541,0
202412,16,89.79778,0.6900804923844372,0
202501,16,103.25938,3.6832162513924294,0
202502,16,105.17401,3.541053688178364,0
202503,16,106.60041,-1.2753033156460036,0
202504,16,103.92464,-1.5153749318162824,0
202505,16,109.58442,2.953358879918655,0
202506,16,107.12753,4.37321479739019,0
202507,16,114.22605,1.1981000713097822,0
202508,16,112.22479,-2.2390074973609564,0
202509,16,112.79053,3.1719721148846913,0
202510,16,115.91622,0.0554846125149,0
202511,16,108.6743,0.25831616607145946,0
202512,16,93.30016,3.90029686702722,0
202601,16,103.9002,0.6205925311579596,0
202602,16,101.86646,-3.1448358772286022,0
202603,16,110.81607,3.9546376979225473,0
202604,16,107.97189,3.894408486765033,0
202605,16,110.59108,0.9186159857395904,0
202606,16,106.80803,-0.29824266460730664,0
202607,16,111.62034,-2.281187172278132,0
200201,17,84.46445,,0
200202,17,81.17447,,0
200203,17,88.77861,,0
200204,17,89.58065,,0
200205,17,90.47518,,0
200206,17,86.66165,,0
200207,17,90.2675,,0
200208,17,93.41425,,0
200209,17,90.96576,,0
200210,17,98.35213,,0
200211,17,94.97137,,0
200212,17,87.83611,,0
200301,17,86.29393,2.1659763367902096,0
200302,17,83.43599,2.7859990955284353,0
200303,17,87.52905,-1.4075011987684904,0
200304,17,82.34731,-8.074667910983024,0
200305,17,87.9788,-2.759187657874773,0
200306,17,83.31637,-3.860161905525672,0
200307,17,88.11455,-2.3850776857673117,0
200308,17,88.08861,-5.7011002068742105,0
200309,17,87.13631,-4.209770797275825,0
200310,17,94.01225,-4.412593809610432,0
200311,17,87.4147,-7.956787398139031,0
200312,17,82.98375,-5.524333898666511,0
200401,17,84.78892,-1.7440508272134503,0
200402,17,80.33188,-3.7203489765028297,0
200403,17,91.05314,4.026194731920429,0
200404,17,86.10862,4.567617327147677,0
200405,17,91.26265,3.732546931760816,0
200406,17,90.07044,8.106534166094859,0
200407,17,95.07766,7.902338490067762,0
200408,17,98.62934,11.966053272948685,0
200409,17,95.06114,9.094750512157335,0
200410,17,95.71867,1.815103882738689,0
200411,17,92.56069,5.886870286118917,0
200412,17,88.43389,6.567719583653431,0
200501,17,89.49941,5.555549003336746,0
200502,17,85.23726,6.10639263017374,0
200503,17,93.18304,2.3391834702241043,0
200504,17,93.17219,8.203092791406942,0
200505,17,94.98328,4.0768375671756285,0
200506,17,93.79973,4.140414990756125,0
200507,17,93.69115,-1.458292095114666,0
200508,17,98.74346,0.11570593496823545,0
200509,17,95.39594,0.3521943877382583,0
200510,17,95.15295,-0.5910236738558949,0
200511,17,94.66344,2.271752727858889,0
200512,17,92.27783,4.346682024278237,0
200601,17,93.37898,4.33474365920401,0
200602,17,86.9299,1.9857982295536036,0
200603,17,95.76119,2.7667588436693924,0
200604,17,88.72008,-4.778367879943579,0
200605,17,98.42777,3.626417196795062,0
200606,17,93.79614,-0.0038273031276347957,0
200607,17,97.02331,3.5565365565477736,0
200608,17,101.87762,3.1740431214381193,0
200609,17,98.33282,3.0786215849437637,0
200610,17,101.08489,6.234110450595587,0
200611,17,99.08357,4.66931055959936,0
200612,17,94.13402,2.0115232445323095,0
200701,17,93.22972,-0.15984325380293818,0
200702,17,90.98645,4.666461137077116,0
200703,17,102.09715,6.616417360728288,0
200704,17,97.22863,9.590331749024571,0
200705,17,102.50831,4.145720257606156,0
200706,17,99.82977,6.432706079375983,0
200707,17,104.33208,7.533004182190872,0
200708,17,106.75396,4.786468313649261,0
200709,17,100.52514,2.229489604793189,0
200710,17,109.49471,8.31956190485046,0
200711,17,104.03563,4.9978619058639095,0
200712,17,98.0547,4.164997946544724,0
200801,17,103.39671,10.905310023456028,0
200802,17,97.34718,6.9908541326757945,0
200803,17,106.80746,4.613556793700901,0
200804,17,105.15702,8.154377985167539,0
200805,17,107.9304,5.289415072787773,0
200806,17,110.84516,11.03417347350395,0
200807,17,116.85686,12.004725679771733,0
200808,17,119.58366,12.018008512283739,0
200809,17,117.87697,17.261184615112214,0
200810,17,121.10798,10.606238420102665,0
200811,17,107.61559,3.4410903264583403,0
200812,17,94.47962,-3.646005749851866,0
200901,17,96.61356,-6.560315120277993,0
200902,17,89.64156,-7.915606800320251,0
200903,17,100.67133,-5.745038782871537,0
200904,17,95.35769,-9.318759698591684,0
200905,17,102.23324,-5.278549880293237,0
200906,17,101.39274,-8.527589296636862,0
200907,17,111.19313,-4.846724445616635,0
200908,17,110.57732,-7.531413572723899,0
200909,17,108.76206,-7.732562179024449,0
200910,17,114.95433,-5.081126776286748,0
200911,17,110.07781,2.2879770486785356,0
200912,17,107.00042,13.252381836421456,0
201001,17,104.06602,7.713679115022765,0
201002,17,100.20243,11.781220674874483,0
201003,17,114.25808,13.496146320903879,0
201004,17,109.25033,14.568977079876833,0
201005,17,116.94169,14.387150402354454,0
201006,17,112.77564,11.226543438908942,0
201007,17,117.72481,5.874175859605724,0
201008,17,120.03058,8.549004443225794,0
201009,17,118.38266,8.845547794883624,0
201010,17,120.61989,4.928531182774942,0
201011,17,116.33997,5.688848642610167,0
201012,17,114.31598,6.836945126009786,0
201101,17,107.744,3.534275645402807,0
201102,17,108.0719,7.853572014171695,0
201103,17,117.13183,2.515139410709488,0
201104,17,114.35536,4.6727822240903105,0
201105,17,122.15745,4.460137355634242,0
201106,17,119.2483,5.739413227892132,0
201107,17,121.20252,2.9541011788424276,0
201108,17,124.01585,3.32021223258272,0
201109,17,122.02221,3.074394510141931,0
201110,17,123.09712,2.053749178514419,0
201111,17,117.69272,1.1627560158387507,0
201112,17,111.13208,-2.785174916052846,0
201201,17,109.16286,1.3168807543807448,0
201202,17,110.58347,2.3239806092055337,0
201203,17,120.73351,3.074894330601685,0
201204,17,112.44716,-1.6686581197418393,0
201205,17,121.35571,-0.6563169090382903,0
201206,17,114.21146,-4.223825413024751,0
201207,17,119.6852,-1.251888162061332,0
201208,17,125.14321,0.909045093832761,0
201209,17,117.51788,-3.6914017538282495,0
201210,17,122.99504,-0.08292639177911454,0
201211,17,114.84228,-2.421933998976311,0
201212,17,109.32177,-1.6289715804833294,0
201301,17,112.12017,2.709080725807289,0
201302,17,107.36115,-2.913925562292452,0
201303,17,119.41911,-1.0886786940924598,0
201304,17,120.20207,6.896492539251331,0
201305,17,122.52234,0.9613309501464773,0
201306,17,117.30735,2.7106649367760527,0
201307,17,124.24361,3.8086664015266836,0
201308,17,126.05896,0.7317616353296419,0
201309,17,120.18396,2.2686590329914047,0
201310,17,128.01067,4.07791241012645,0
201311,17,121.45362,5.75688674937489,0
201312,17,109.75757,0.3986397219876814,0
201401,17,113.00122,0.7858086551242316,0
201402,17,111.83187,4.164187883605952,0
201403,17,117.69008,-1.4478670959781947,0
201404,17,112.27316,-6.596317351273573,0
201405,17,120.55379,-1.6066865846669165,0
201406,17,110.43781,-5.8560183995291055,0
201407,17,119.82611,-3.5555148470009845,0
201408,17,122.55043,-2.7832452369906835,0
201409,17,121.16655,0.8175716626411811,0
201410,17,122.58832,-4.23585783903796,0
201411,17,115.71527,-4.724725372533145,0
201412,17,104.93961,-4.389637999456442,0
201501,17,107.63378,-4.749895620595956,0
201502,17,101.09964,-9.596754485103398,0
201503,17,114.81063,-2.4466378134843536,0
201504,17,107.38131,-4.357096566980035,0
201505,17,112.96918,-6.291473706467476,0
201506,17,108.63568,-1.631805266692632,0
201507,17,112.83765,-5.832167964060586,0
201508,17,112.33333,-8.337057650470914,0
201509,17,107.36664,-11.389207664986746,0
201510,17,110.18515,-10.117742049160972,0
201511,17,100.25742,-13.358522172570664,0
201512,17,89.76101,-14.464128463980385,0
201601,17,90.85582,-15.588005921561066,0
201602,17,91.70997,-9.287540489758417,0
201603,17,99.19851,-13.598148533807375,0
201604,17,97.77168,-8.94907130486674,0
201605,17,100.04921,-11.436721059673083,0
201606,17,99.16193,-8.720661572698763,0
201607,17,101.83569,-9.750256230965459,0
201608,17,101.49412,-9.649148654277418,0
201609,17,93.28482,-13.115638153527021,0
201610,17,94.91905,-13.854952323430147,0
201611,17,93.42484,-6.815036732443335,0
201612,17,85.24411,-5.0321403469056225,0
201701,17,88.38731,-2.716953080165907,0
201702,17,85.38641,-6.895171811745227,0
201703,17,97.44475,-1.767929780396904,0
201704,17,89.38473,-8.578097461350776,0
201705,17,96.00031,-4.046908516319125,0
201706,17,92.36579,-6.853577779294929,0
201707,17,97.79891,-3.964013009584355,0
201708,17,101.19426,-0.2954456869028399,0
201709,17,95.62714,2.510933718905184,0
201710,17,97.43117,2.646592017092453,0
201711,17,94.7955,1.4671258735899473,0
201712,17,87.34451,2.46398255551028,0
201801,17,90.16035,2.005989321317725,0
201802,17,85.81957,0.5072938421933904,0
201803,17,94.80094,-2.7131374445519163,0
201804,17,93.0996,4.1560454453462015,0
201805,17,84.13953,-12.354939270508613,0
201806,17,96.60657,4.591288614540079,0
201807,17,98.97961,1.2072731689954264,0
201808,17,102.78582,1.5727769539497505,0
201809,17,97.0834,1.522852194471147,0
201810,17,101.31872,3.9900475381749123,0
201811,17,95.55699,0.8032976248872448,0
201812,17,88.41202,1.2221832831851742,0
201901,17,91.53944,1.5295969902512585,0
201902,17,90.83716,5.846673433576988,0
201903,17,94.75261,-0.050980507155296007,0
201904,17,93.50396,0.43433054492179046,0
201905,17,98.81996,17.44772047098433,0
201906,17,91.53534,-5.249363474968627,0
201907,17,100.32421,1.3584616063853971,0
201908,17,100.71562,-2.0140910487458252,0
201909,17,96.28463,-0.8227668169841551,0
201910,17,102.61367,1.2780954990351256,0
201911,17,95.1493,-0.4266459209315898,0
201912,17,85.35334,-3.4595748406155535,0
202001,17,89.9669,-1.717882477760413,0
202002,17,88.54287,-2.525717448674092,0
202003,17,84.45028,-10.872871997932299,0
202004,17,58.03359,-37.93461795628763,0
202005,17,74.3838,-24.727959817024825,0
202006,17,85.57675,-6.509606016648872,0
202007,17,101.27047,0.943202044651037,0
202008,17,104.91626,4.170792971338511,0
202009,17,106.98245,11.110620667078418,0
202010,17,112.08449,9.22958900115356,0
202011,17,105.47432,10.851388291873931,0
202012,17,99.83295,16.96431563193659,0
202101,17,102.21148,13.61009437915499,0
202102,17,98.81502,11.601329389932813,0
202103,17,108.15911,28.074305970329515,0
202104,17,104.87271,80.71036101678357,0
202105,17,108.89855,46.40089643174994,0
202106,17,107.017,25.053825951558096,0
202107,17,109.87428,8.495872488791644,0
202108,17,110.66457,5.478950545892514,0
202109,17,107.29025,0.2877107413412183,0
202110,17,107.30928,-4.260366443207264,0
202111,17,102.63304,-2.6938121051645614,0
202112,17,97.37602,-2.4610411692732703,0
202201,17,96.40379,-5.682032977117634,0
202202,17,95.21618,-3.641996935283731,0
202203,17,106.14048,-1.8663522656575116,0
202204,17,100.29123,-4.368610289559605,0
202205,17,105.93252,-2.723663446391167,0
202206,17,101.62507,-5.038386424586749,0
202207,17,104.97579,-4.458268122439568,0
202208,17,108.84788,-1.641618451144744,0
202209,17,102.20739,-4.737485465827507,0
202210,17,101.54248,-5.373999340970325,0
202211,17,93.91874,-8.490735537016148,0
202212,17,82.89845,-14.867695352510813,0
202301,17,86.65447,-10.113004893272349,0
202302,17,84.11235,-11.661704974931775,0
202303,17,98.86257,-6.856865542722246,0
202304,17,89.85298,-10.407938959368623,0
202305,17,99.8248,-5.765670447564164,0
202306,17,96.17274,-5.365142675916479,0
202307,17,100.79981,-3.9780410321275106,0
202308,17,102.2304,-6.0795671904680155,0
202309,17,95.62289,-6.442293458428017,0
202310,17,96.40707,-5.057400607115358,0
202311,17,93.15193,-0.8164611237331365,0
202312,17,83.76745,1.0482705044545515,0
202401,17,86.77307,0.13686541502129224,0
202402,17,89.07478,5.899763827785098,0
202403,17,96.45145,-2.4388603290406152,0
202404,17,98.39707,9.508966758809766,0
202405,17,99.10519,-0.7208729694424654,0
202406,17,97.55703,1.4393787678296244,0
202407,17,105.61525,4.77723122692395,0
202408,17,105.86368,3.5540113312674038,0
202409,17,102.19502,6.872967340769565,0
202410,17,105.73486,9.675421107601334,0
202411,17,98.75374,6.013627414912381,0
202412,17,86.75438,3.5657406307581407,0
202501,17,90.5873,4.395637955416354,0
202502,17,90.99174,2.1520794101315577,0
202503,17,97.49549,1.0824513265482283,0
202504,17,96.48235,-1.9459116008230803,0
202505,17,101.58139,2.4985573409424866,0
202506,17,95.89046,-1.7083033380577373,0
202507,17,102.41222,-3.0327343825820585,0
202508,17,102.9809,-2.723105790390057,0
202509,17,101.93456,-0.2548656480521161,0
202510,17,104.57724,-1.0948328677978014,0
202511,17,100.1844,1.4487147524741895,0
202512,17,84.60417,-2.478503102667551,0
202601,17,88.26124,-2.567755082666112,0
202602,17,89.05666,-2.1266545732612663,0
202603,17,100.41975,2.9993797661819865,0
202604,17,96.0399,-0.45858128455618097,0
202605,17,101.20819,-0.3673901292352788,0
202606,17,99.5125,3.7772683539113228,0
202607,17,106.17672,3.675830872526742,0
200201,18,96.26855,,0
200202,18,93.69049,,0
200203,18,101.20347,,0
200204,18,97.06768,,0
200205,18,103.52002,,0
200206,18,101.26895,,0
200207,18,106.14154,,0
200208,18,108.07625,,0
200209,18,105.42951,,0
200210,18,112.1234,,0
200211,18,107.40765,,0
200212,18,107.50771,,0
200301,18,106.80917,10.949183300257449,0
200302,18,99.61543,6.323950274995904,0
200303,18,113.42281,12.074032639394684,0
200304,18,108.39632,11.670867172265798,0
200305,18,112.18101,8.36648795083308,0
200306,18,107.73016,6.380247844971221,0
200307,18,111.07299,4.64610745236973,0
200308,18,112.32886,3.9348237933866104,0
200309,18,111.0347,5.31652855068756,0
200310,18,111.76173,-0.3225642461787692,0
200311,18,110.50236,2.8812752164301125,0
200312,18,108.76751,1.1718229325133889,0
200401,18,106.73845,-0.06621154344705893,0
200402,18,105.42162,5.828605066504267,0
200403,18,114.30283,0.7758756814436163,0
200404,18,110.53305,1.9712200561790238,0
200405,18,117.26313,4.530285473450446,0
200406,18,114.64271,6.416541106037532,0
200407,18,115.98007,4.417887733102344,0
200408,18,118.53817,5.527795795310286,0
200409,18,115.668,4.172839661835459,0
200410,18,117.69208,5.306243917305142,0
200411,18,112.17176,1.5107369652557656,0
200412,18,108.76601,-0.0013790882957720463,0
200501,18,107.16626,0.4008021476796797,0
200502,18,104.69177,-0.6923152954773415,0
200503,18,113.59436,-0.6198184244432192,0
200504,18,110.94294,0.37083026298467825,0
200505,18,109.80456,-6.360541459195234,0
200506,18,108.42711,-5.421714123819987,0
200507,18,108.13696,-6.762463585338407,0
200508,18,115.15723,-2.852195204295793,0
200509,18,114.14581,-1.3159992392018593,0
200510,18,115.9241,-1.5022081349909122,0
200511,18,112.04833,-0.11003660814450367,0
200512,18,111.04142,2.0920230502157855,0
200601,18,110.21269,2.842713742179681,0
200602,18,98.64614,-5.774694610665199,0
200603,18,111.35463,-1.971691200161696,0
200604,18,109.55911,-1.247334891251295,0
200605,18,116.01694,5.657670318974017,0
200606,18,111.78613,3.097952163439577,0
200607,18,119.37142,10.389102856229737,0
200608,18,121.59694,5.592102206696015,0
200609,18,118.71119,3.9996036648213495,0
200610,18,122.15356,5.3737402317550975,0
200611,18,116.16265,3.671915502890566,0
200612,18,113.309,2.0421028477481507,0
200701,18,118.69343,7.69488522601165,0
200702,18,107.70089,9.179021094996731,0
200703,18,123.07008,10.520846775747007,0
200704,18,117.43808,7.191524283101591,0
200705,18,124.39942,7.225220730696735,0
200706,18,120.2832,7.601184511888892,0
200707,18,124.18299,4.0307554354300335,0
200708,18,126.47101,4.008382118826348,0
200709,18,122.76544,3.415221429420434,0
200710,18,129.61346,6.1069853387817785,0
200711,18,124.96994,7.58186043448561,0
200712,18,121.74563,7.445683926254754,0
200801,18,126.51642,6.590920828558078,0
200802,18,120.30036,11.69857556423164,0
200803,18,129.81444,5.480097193403943,0
200804,18,128.32007,9.266151149610069,0
200805,18,130.19631,4.659901147449075,0
200806,18,130.16497,8.215419942269598,0
200807,18,136.59809,9.997423962814889,0
200808,18,136.08425,7.601141162705982,0
200809,18,131.36198,7.00241045036778,0
200810,18,134.20766,3.5445392785594887,0
200811,18,113.85957,-8.890433971561473,0
200812,18,91.9377,-24.483778185713934,0
200901,18,86.61432,-31.539068209486164,0
200902,18,82.23193,-31.644485519411568,0
200903,18,91.85056,-29.244728090341866,0
200904,18,92.58198,-27.85074072980165,0
200905,18,98.39792,-24.423418758949477,0
200906,18,100.58065,-22.72832698382675,0
200907,18,109.79106,-19.62474731528091,0
200908,18,114.23565,-16.055201097849302,0
200909,18,115.34511,-12.192926750951827,0
200910,18,120.61134,-10.130807734819314,0
200911,18,117.37722,3.089463626114153,0
200912,18,114.4752,24.513882770615304,0
201001,18,115.77127,33.66296704748129,0
201002,18,111.2088,35.23797872675492,0
201003,18,125.78675,36.94717811192441,0
201004,18,121.07519,30.77619424427951,0
201005,18,127.58665,29.663970539214656,0
201006,18,127.2644,26.529705266370797,0
201007,18,131.58767,19.852809509262404,0
201008,18,126.16912,10.446362409633059,0
201009,18,120.18347,4.194681508388176,0
201010,18,124.9241,3.575750008249634,0
201011,18,122.11098,4.032946086131539,0
201012,18,110.0379,-3.8762107425887926,0
201101,18,116.39858,0.5418529139396888,0
201102,18,114.80665,3.2352205940537226,0
201103,18,130.19618,3.505480505697145,0
201104,18,124.02576,2.436973256040309,0
201105,18,128.38731,0.6275421448874274,0
201106,18,122.84229,-3.4747423474278616,0
201107,18,123.12778,-6.429090202752286,0
201108,18,126.00478,-0.13025374196159456,0
201109,18,122.13318,1.6222780054528263,0
201110,18,123.01431,-1.528760263231832,0
201111,18,117.4687,-3.801689250221396,0
201112,18,109.64644,-0.35575015517380626,0
201201,18,110.93009,-4.698072777176476,0
201202,18,110.86579,-3.432606038064867,0
201203,18,120.91254,-7.130501063856087,0
201204,18,115.86013,-6.583817748828958,0
201205,18,120.96257,-5.783079340162212,0
201206,18,116.83696,-4.888650317411047,0
201207,18,120.84141,-1.8569083272678255,0
201208,18,121.27085,-3.756944776221982,0
201209,18,115.86287,-5.133993890931188,0
201210,18,125.11212,1.705338183825944,0
201211,18,114.76729,-2.2996849373492667,0
201212,18,103.76058,-5.368035660802118,0
201301,18,111.48364,0.4990079788089741,0
201302,18,105.83119,-4.541166395873786,0
201303,18,118.01095,-2.399742822373929,0
201304,18,120.89183,4.342908988622751,0
201305,18,124.22271,2.695164297517816,0
201306,18,119.52433,2.3001026387540424,0
201307,18,118.79975,-1.6895367242073633,0
201308,18,121.18421,-0.07144338478702883,0
201309,18,117.15151,1.1122113581339743,0
201310,18,123.70402,-1.1254704979821284,0
201311,18,116.81215,1.7817446068474796,0
201312,18,100.73855,-2.912502994875321,0
201401,18,106.7377,-4.257073055741623,0
201402,18,107.60372,1.6748654153846187,0
201403,18,120.52935,2.134039256526621,0
201404,18,113.24443,-6.325820363543178,0
201405,18,111.29139,-10.409787389117497,0
201406,18,104.51044,-12.561367212851138,0
201407,18,107.94355,-9.138234718507409,0
201408,18,107.65035,-11.168006128851271,0
201409,18,109.47092,-6.556116946337265,0
201410,18,113.40957,-8.321839500446304,0
201411,18,103.65142,-11.266576293647535,0
201412,18,88.71194,-11.938438661267215,0
201501,18,103.15414,-3.3573517135932374,0
201502,18,101.5406,-5.634675083723872,0
201503,18,109.39702,-9.236198486094882,0
201504,18,102.56492,-9.430494727202031,0
201505,18,103.01563,-7.436118822848748,0
201506,18,97.40962,-6.794364275951759,0
201507,18,100.18905,-7.183847483244721,0
201508,18,100.2787,-6.847771512122347,0
201509,18,94.88161,-13.327110067221515,0
201510,18,102.00519,-10.055923851928906,0
201511,18,94.93539,-8.408982723053871,0
201512,18,76.90892,-13.304883198360907,0
201601,18,87.61221,-15.066705029967764,0
201602,18,89.4321,-11.924786735552074,0
201603,18,93.91509,-14.152058255334554,0
201604,18,87.73278,-14.46122124406668,0
201605,18,92.64986,-10.062327435166873,0
201606,18,95.43801,-2.0240403360571535,0
201607,18,99.87665,-0.31181052220776717,0
201608,18,100.51102,0.23167432365995833,0
201609,18,96.17353,1.3616126454852662,0
201610,18,99.77944,-2.1819968180050497,0
201611,18,94.06043,-0.9216373367192165,0
201612,18,77.77828,1.1303760344053781,0
201701,18,92.35208,5.410056429349286,0
201702,18,88.45974,-1.0872606144773589,0
201703,18,99.29703,5.730644564148313,0
201704,18,95.13494,8.437165675133041,0
201705,18,98.06784,5.847801604881009,0
201706,18,95.33737,-0.10545064801749104,0
201707,18,95.94388,-3.9376270629821963,0
201708,18,102.12843,1.6091867339521393,0
201709,18,98.67334,2.599270298178724,0
201710,18,106.41998,6.655218750476055,0
201711,18,103.58332,10.124225458037994,0
201712,18,92.03683,18.332303054271716,0
201801,18,101.63337,10.049898172298889,0
201802,18,96.02541,8.552670401246942,0
201803,18,105.59789,6.345466727453974,0
201804,18,102.24643,7.475161071211067,0
201805,18,99.08968,1.041972577350525,0
201806,18,98.83051,3.663977724579559,0
201807,18,100.77224,5.032483572688529,0
201808,18,102.66253,0.5229689715194885,0
201809,18,106.81968,8.255867288975939,0
201810,18,109.5104,2.903984759252931,0
201811,18,103.90219,0.30783913857945766,0
201812,18,87.87488,-4.522048401710476,0
201901,18,99.16853,-2.425227068629132,0
201902,18,94.10755,-1.9972421882916147,0
201903,18,104.06466,-1.4519513600129708,0
201904,18,104.0423,1.7564134024043554,0
201905,18,103.93308,4.887895490226635,0
201906,18,98.74707,-0.08442736964527908,0
201907,18,100.30145,-0.4671822319321173,0
201908,18,101.9733,-0.6713549724519874,0
201909,18,99.18331,-7.148841861349897,0
201910,18,100.64551,-8.09502111215008,0
201911,18,94.70256,-8.854125211412766,0
201912,18,78.39112,-10.792344751992832,0
202001,18,96.15121,-3.042618459706925,0
202002,18,96.55484,2.6005246125310855,0
202003,18,98.55611,-5.293391627859068,0
202004,18,68.72334,-33.946731281411516,0
202005,18,75.19533,-27.650243791485828,0
202006,18,73.81194,-25.25151379175098,0
202007,18,89.0235,-11.244054796815007,0
202008,18,93.96635,-7.852006358527175,0
202009,18,97.6571,-1.5387770381932286,0
202010,18,104.10097,3.433297719888362,0
202011,18,99.72022,5.298336180141261,0
202012,18,101.27862,29.19654675172392,0
202101,18,103.33903,7.475537749342931,0
202102,18,101.76699,5.398124009112348,0
202103,18,109.19566,10.795424048290858,0
202104,18,106.72814,55.30115387290549,0
202105,18,112.09996,49.078353669037696,0
202106,18,109.07035,47.767895004520945,0
202107,18,109.98117,23.541727746044593,0
202108,18,111.98048,19.170830834655163,0
202109,18,107.20758,9.779606398305907,0
202110,18,107.01664,2.8008096370283564,0
202111,18,97.73109,-1.9947108018815052,0
202112,18,86.67847,-14.415826360983196,0
202201,18,94.69366,-8.366025885863259,0
202202,18,96.16944,-5.500359202920335,0
202203,18,106.73151,-2.2566373059149103,0
202204,18,103.11809,-3.382472513809387,0
202205,18,105.22689,-6.13119754904462,0
202206,18,96.61398,-11.420491453451842,0
202207,18,104.77321,-4.735319691543561,0
202208,18,108.07956,-3.4835714224479064,0
202209,18,96.73436,-9.769104012981167,0
202210,18,104.43326,-2.413998421180097,0
202211,18,102.90952,5.298651636853746,0
202212,18,80.51653,-7.108962583211264,0
202301,18,91.14094,-3.751803447031188,0
202302,18,92.62168,-3.6890721210396937,0
202303,18,102.55412,-3.9139238262440035,0
202304,18,98.25256,-4.718405858758623,0
202305,18,104.22545,-0.9516959020645754,0
202306,18,96.92158,0.3183804248619193,0
202307,18,102.26627,-2.3927299736258956,0
202308,18,103.26176,-4.4576421295571595,0
202309,18,96.99729,0.27180621239444314,0
202310,18,101.21783,-3.0789328993464316,0
202311,18,97.19817,-5.549875269071314,0
202312,18,79.15985,-1.684970775566208,0
202401,18,94.19647,3.3525329012406457,0
202402,18,93.37067,0.8086551658315955,0
202403,18,99.41245,-3.0634264132927913,0
202404,18,97.81901,-0.44126076714947615,0
202405,18,98.48045,-5.512089417699794,0
202406,18,98.11554,1.2318825178045945,0
202407,18,107.1594,4.784695872842537,0
202408,18,105.51022,2.177437223615031,0
202409,18,103.19422,6.388766119135902,0
202410,18,109.98602,8.66269312432404,0
202411,18,104.42655,7.436744951062346,0
202412,18,84.5373,6.793153347309278,0
202501,18,99.21217,5.324721828747925,0
202502,18,96.31533,3.1537312520087957,0
202503,18,104.55613,5.174080308854667,0
202504,18,101.55167,3.8158840495318813,0
202505,18,104.07074,5.676547984904623,0
202506,18,101.3378,3.284148464147485,0
202507,18,105.49453,-1.553638784838296,0
202508,18,105.56987,0.0565348077181449,0
202509,18,102.96985,-0.2174249681813678,0
202510,18,108.63201,-1.2310746402133699,0
202511,18,105.95852,1.4670311333659702,0
202512,18,79.74879,-5.664375370398633,0
202601,18,99.04721,-0.1662699243449639,0
202602,18,94.11178,-2.2878497119825147,0
202603,18,104.48028,-0.07254476614618754,0
202604,18,100.15328,-1.377023144966505,0
202605,18,105.89914,1.7568819055192586,0
202606,18,105.74893,4.352896944674156,0
202607,18,108.00601,2.380673196989469,0
200201,19,107.88055,,0
200202,19,115.18651,,0
200203,19,118.6918,,0
200204,19,131.88761,,0
200205,19,124.28954,,0
200206,19,113.93432,,0
200207,19,121.74168,,0
200208,19,121.42875,,0
200209,19,122.1789,,0
200210,19,131.97208,,0
200211,19,121.7244,,0
200212,19,103.66901,,0
200301,19,112.12926,3.9383466250403787,0
200302,19,110.95851,-3.670568715034417,0
200303,19,114.8992,-3.195334471294564,0
200304,19,115.71219,-12.264548580416301,0
200305,19,116.12752,-6.566940387743003,0
200306,19,106.91576,-6.160180707621721,0
200307,19,113.56014,-6.720409969699781,0
200308,19,106.02816,-12.682820172323272,0
200309,19,118.95322,-2.640128532831776,0
200310,19,122.46311,-7.20528917934764,0
200311,19,113.51513,-6.74414497011282,0
200312,19,107.29432,3.4970045532411342,0
200401,19,112.12014,-0.008133470246740604,0
200402,19,107.79433,-2.851678523801371,0
200403,19,130.68533,13.739112195733295,0
200404,19,118.63771,2.528272950326138,0
200405,19,123.70626,6.526222208138077,0
200406,19,121.40771,13.55454986243374,0
200407,19,134.96845,18.85195809022424,0
200408,19,133.51036,25.919717931538177,0
200409,19,132.53211,11.415319400349144,0
200410,19,130.91703,6.903238044501747,0
200411,19,125.79113,10.81441742611755,0
200412,19,120.89893,12.679711283877836,0
200501,19,114.67109,2.2751933773896393,0
200502,19,118.83726,10.244444211490533,0
200503,19,135.30579,3.5355613365325667,0
200504,19,125.45827,5.7490657902955045,0
200505,19,126.06281,1.9049561436907059,0
200506,19,126.3429,4.0649724799191045,0
200507,19,123.80258,-8.27294823345751,0
200508,19,134.60371,0.8189252129947144,0
200509,19,125.39813,-5.382831375732266,0
200510,19,123.27577,-5.836719638384724,0
200511,19,123.50664,-1.8160978441007614,0
200512,19,114.91359,-4.950697247692759,0
200601,19,116.02196,1.1780388587917079,0
200602,19,114.84336,-3.3608146131945404,0
200603,19,134.5784,-0.5375897069888946,0
200604,19,113.83902,-9.261446056923939,0
200605,19,126.66983,0.48152186993135615,0
200606,19,118.62579,-6.108067805947148,0
200607,19,125.32214,1.2274057616569856,0
200608,19,132.61873,-1.4746844644921042,0
200609,19,123.5597,-1.466074494093328,0
200610,19,128.6953,4.39626538126674,0
200611,19,125.68438,1.763257424863962,0
200612,19,112.92323,-1.7320492728492787,0
200701,19,114.00091,-1.74195471271128,0
200702,19,118.40889,3.1046897269463303,0
200703,19,136.10703,1.135865785296919,0
200704,19,124.21684,9.116223945005842,0
200705,19,135.3378,6.842963316521367,0
200706,19,131.77369,11.0835089064528,0
200707,19,132.80404,5.970134247627734,0
200708,19,141.17209,6.449586721272316,0
200709,19,128.96798,4.377058215583229,0
200710,19,140.18155,8.92515111274459,0
200711,19,133.71249,6.387516093885326,0
200712,19,119.48737,5.812922637795603,0
200801,19,126.92861,11.33999719826797,0
200802,19,129.72119,9.553590106283405,0
200803,19,134.61846,-1.0936760577319293,0
200804,19,139.24832,12.1010001542464,0
200805,19,136.24496,0.6702931479601437,0
200806,19,139.42555,5.8068192520069895,0
200807,19,148.41764,11.75687125180831,0
200808,19,139.14627,-1.4350003601986794,0
200809,19,139.39747,8.08688327133602,0
200810,19,141.44047,0.8980639748954244,0
200811,19,122.65863,-8.266886661074068,0
200812,19,97.90424,-18.063105749168294,0
200901,19,97.48717,-23.1952748871984,0
200902,19,96.03515,-25.968031899799872,0
200903,19,113.44218,-15.730591480544353,0
200904,19,113.78262,-18.28797647253483,0
200905,19,109.96746,-19.286951972388554,0
200906,19,109.22272,-21.66233520326798,0
200907,19,118.69975,-20.02315223446486,0
200908,19,117.49244,-15.561919122948808,0
200909,19,118.88214,-14.71714658809804,0
200910,19,122.5247,-13.373661724964581,0
200911,19,117.99478,-3.8023007431274847,0
200912,19,125.9132,28.608526045450123,0
201001,19,139.16825,42.755451819967696,0
201002,19,138.68659,44.412321946703884,0
201003,19,159.89562,40.949001508962546,0
201004,19,148.9834,30.936868917238858,0
201005,19,146.25478,32.998234204918454,0
201006,19,135.22597,23.807546634985833,0
201007,19,136.0309,14.60083108852379,0
201008,19,139.44149,18.681244512412864,0
201009,19,133.14191,11.994879971036854,0
201010,19,138.75506,13.246602521777229,0
201011,19,136.41775,15.613377134141015,0
201012,19,125.21682,-0.553063539009413,0
201101,19,131.44027,-5.5529763433829205,0
201102,19,154.27345,11.238909255754281,0
201103,19,163.05161,1.9737813956379746,0
201104,19,142.73191,-4.196098357266642,0
201105,19,162.65739,11.21509327763508,0
201106,19,141.56499,4.687723815181366,0
201107,19,140.13281,3.0154251717808167,0
201108,19,146.7975,5.275338064732393,0
201109,19,134.0088,0.6511022712532899,0
201110,19,137.05949,-1.2219878684063712,0
201111,19,140.31369,2.855889354574459,0
201112,19,125.02604,-0.15235972291901545,0
201201,19,129.75441,-1.2826053993954756,0
201202,19,128.56494,-16.66424780154977,0
201203,19,143.97656,-11.698780527220798,0
201204,19,133.27951,-6.622485469437079,0
201205,19,146.24483,-10.090263959110612,0
201206,19,138.46801,-2.1876736614045655,0
201207,19,142.45101,1.6542878145382245,0
201208,19,152.71327,4.0298847051209785,0
201209,19,138.5352,3.3776886294034414,0
201210,19,154.76684,12.919462928105151,0
201211,19,146.38512,4.32704036220557,0
201212,19,122.38416,-2.1130638065478213,0
201301,19,137.2214,5.754709994057228,0
201302,19,125.27435,-2.5594769460476563,0
201303,19,135.86955,-5.630784622163498,0
201304,19,139.13086,4.3902847481957386,0
201305,19,140.69348,-3.7959290595093287,0
201306,19,137.16973,-0.9376028441515194,0
201307,19,147.01381,3.2030660926868793,0
201308,19,145.01649,-5.040020425206004,0
201309,19,141.07679,1.834616761660568,0
201310,19,151.53467,-2.0884124790555902,0
201311,19,139.01333,-5.035887527366167,0
201312,19,111.77133,-8.671734969623513,0
201401,19,119.83352,-12.671405480486275,0
201402,19,124.52429,-0.5987338988388324,0
201403,19,124.95245,-8.034986499918496,0
201404,19,124.38137,-10.601163537693948,0
201405,19,128.04316,-8.991404576814787,0
201406,19,115.63191,-15.701583724047563,0
201407,19,129.44377,-11.951285392848476,0
201408,19,128.4929,-11.39428350527586,0
201409,19,127.7354,-9.45682844073784,0
201410,19,133.18827,-12.107064343757123,0
201411,19,123.33985,-11.274803646527998,0
201412,19,104.88719,-6.1591286423808285,0
201501,19,108.37778,-9.559712507819174,0
201502,19,109.00054,-12.466443293914775,0
201503,19,126.63126,1.3435590898777994,0
201504,19,115.64212,-7.026172810285014,0
201505,19,110.40864,-13.772324894199727,0
201506,19,111.75415,-3.3535379636987828,0
201507,19,114.61794,-11.453490577414428,0
201508,19,108.80463,-15.322457505434139,0
201509,19,106.93048,-16.287513093472906,0
201510,19,111.14119,-16.553319597889516,0
201511,19,106.10645,-13.972288761499229,0
201512,19,84.56848,-19.371965251428712,0
201601,19,92.54401,-14.60979363112992,0
201602,19,95.7213,-12.182728636023278,0
201603,19,104.33503,-17.607208520234252,0
201604,19,95.01715,-17.83517112968873,0
201605,19,99.57889,-9.808788515101718,0
201606,19,100.10944,-10.419935188089202,0
201607,19,99.36925,-13.303929559369166,0
201608,19,109.33022,0.4830584874926602,0
201609,19,101.08953,-5.462380791706922,0
201610,19,100.23261,-9.815064963763664,0
201611,19,97.39979,-8.205589763864495,0
201612,19,80.08487,-5.301750723200893,0
201701,19,86.63115,-6.389241183735173,0
201702,19,92.78695,-3.0655141541119812,0
201703,19,106.10579,1.6971864578943396,0
201704,19,90.74271,-4.4985984109184525,0
201705,19,102.49914,2.93259946962654,0
201706,19,97.03585,-3.0702299403532862,0
201707,19,97.74364,-1.6359286197691891,0
201708,19,104.49288,-4.4245223324347105,0
201709,19,95.03696,-5.987336176159886,0
201710,19,100.60159,0.3681237074441235,0
201711,19,100.20698,2.8821314707146772,0
201712,19,84.42179,5.415404932292467,0
201801,19,91.31805,5.410178671297783,0
201802,19,94.67116,2.030684271872274,0
201803,19,100.43418,-5.345240820505648,0
201804,19,99.99671,10.198064395475948,0
201805,19,93.60466,-8.677614270714862,0
201806,19,99.07728,2.103789475745299,0
201807,19,103.24136,5.624631945362379,0
201808,19,111.97358,7.1590523679699425,0
201809,19,99.5918,4.792703807024146,0
201810,19,110.45142,9.790928751722516,0
201811,19,106.73217,6.511712058381547,0
201812,19,83.6401,-0.9259339324598548,0
201901,19,99.00728,8.420273976503001,0
201902,19,101.378,7.084353883484695,0
201903,19,103.42334,2.976237770846546,0
201904,19,106.16069,6.164182801614193,0
201905,19,107.93048,15.304601288012808,0
201906,19,100.21069,1.1439655993785935,0
201907,19,109.01585,5.5931944329288275,0
201908,19,108.95919,-2.6920546793270272,0
201909,19,106.83395,7.271833624856661,0
201910,19,115.36959,4.452790195001577,0
201911,19,108.63174,1.7797539392293782,0
201912,19,86.04821,2.8791333343695102,0
202001,19,98.63882,-0.37215445167264605,0
202002,19,101.22439,-0.15152202647517043,0
202003,19,99.37574,-3.913623365866936,0
202004,19,69.75516,-34.29285359769233,0
202005,19,81.98908,-24.035286417701474,0
202006,19,95.13495,-5.065068407372508,0
202007,19,114.38887,4.928659456400153,0
202008,19,117.61513,7.944203696815277,0
202009,19,117.85245,10.313669016263095,0
202010,19,124.99315,8.341504897434415,0
202011,19,123.16211,13.375805266490271,0
202012,19,109.50365,27.25848684127188,0
202101,19,114.65738,16.239610327860788,0
202102,19,111.1235,9.779372342969928,0
202103,19,123.64635,24.42307347849688,0
202104,19,111.59679,59.9835625063436,0
202105,19,109.90791,34.051888373427296,0
202106,19,106.7139,12.171079082923765,0
202107,19,111.58084,-2.454810507350935,0
202108,19,113.54178,-3.4632874188890383,0
202109,19,110.46527,-6.268159889760461,0
202110,19,109.23435,-12.607730903653513,0
202111,19,107.69337,-12.55965816110165,0
202112,19,88.52499,-19.157955008805637,0
202201,19,94.58773,-17.504019366219616,0
202202,19,95.19841,-14.330983095384875,0
202203,19,104.19838,-15.728705295384781,0
202204,19,98.28434,-11.929061758855253,0
202205,19,105.78982,-3.7468549806833673,0
202206,19,101.1284,-5.234088530172731,0
202207,19,101.00665,-9.476707649807981,0
202208,19,103.04344,-9.24623517440012,0
202209,19,102.8189,-6.9219674201674515,0
202210,19,104.46304,-4.367957515195542,0
202211,19,99.35932,-7.738684377691962,0
202212,19,90.12156,1.8035246318582,0
202301,19,92.81995,-1.868931625698167,0
202302,19,90.82184,-4.597314177831335,0
202303,19,103.61937,-0.5556804242062063,0
202304,19,89.33436,-9.106211630459127,0
202305,19,101.02195,-4.506927037024921,0
202306,19,99.60072,-1.5106340058776757,0
202307,19,97.36766,-3.602723187037682,0
202308,19,102.63125,-0.40001576034340847,0
202309,19,95.87099,-6.757424948136959,0
202310,19,101.31409,-3.0144154334394324,0
202311,19,97.50221,-1.8690848528351345,0
202312,19,86.85125,-3.628776510304532,0
202401,19,91.75515,-1.1471671768838565,0
202402,19,93.55514,3.0095184153943633,0
202403,19,98.11647,-5.310686602321546,0
202404,19,102.02326,14.203829299275196,0
202405,19,99.5886,-1.4188500617935085,0
202406,19,99.30993,-0.29195572080201737,0
202407,19,110.90757,13.905962205520805,0
202408,19,110.12087,7.2976018512879826,0
202409,19,104.64452,9.151391886116954,0
202410,19,110.87805,9.43991107258626,0
202411,19,104.37311,7.046917192953872,0
202412,19,91.12688,4.9229343273700765,0
202501,19,98.11181,6.927850916270106,0
202502,19,98.16053,4.922647756178877,0
202503,19,99.29268,1.1987895610186428,0
202504,19,100.46556,-1.5268086904888123,0
202505,19,100.86477,1.281441851778209,0
202506,19,98.17378,-1.1440447093256423,0
202507,19,103.6956,-6.502685073705972,0
202508,19,101.07171,-8.21747957494342,0
202509,19,101.77399,-2.7431250102728733,0
202510,19,105.18775,-5.132034699383703,0
202511,19,96.9074,-7.152905571176338,0
202512,19,85.14947,-6.5594366887135935,0
202601,19,91.64807,-6.588136535244837,0
202602,19,90.1357,-8.17521054541983,0
202603,19,101.96853,2.694911649076248,0
202604,19,96.05349,-4.3916243536591075,0
202605,19,96.8483,-3.982034559737757,0
202606,19,97.67963,-0.5033421347329092,0
202607,19,103.87791,0.17581266707555887,0
200201,20,105.75245,,0
200202,20,99.65788,,0
200203,20,116.03333,,0
200204,20,127.42721,,0
200205,20,117.11845,,0
200206,20,106.02189,,0
200207,20,131.90073,,0
200208,20,110.55841,,0
200209,20,108.48935,,0
200210,20,122.23019,,0
200211,20,119.13779,,0
200212,20,96.72907,,0
200301,20,77.47891,-26.735588631752737,0
200302,20,85.38896,-14.317904414583182,0
200303,20,87.45367,-24.630560891426633,0
200304,20,104.63082,-17.889734853333128,0
200305,20,106.18929,-9.331715028673958,0
200306,20,102.98234,-2.866907956460696,0
200307,20,121.19637,-8.115466836309404,0
200308,20,112.30906,1.5834616290158365,0
200309,20,133.20886,22.785195044490525,0
200310,20,159.19022,30.238053299270852,0
200311,20,170.07234,42.75263961166311,0
200312,20,123.45328,27.627899244766873,0
200401,20,105.88971,36.66907549422158,0
200402,20,100.23038,17.38095884994968,0
200403,20,137.48965,57.21427128215433,0
200404,20,135.97209,29.954147353523574,0
200405,20,138.66505,30.582895883379592,0
200406,20,139.58845,35.546007208614604,0
200407,20,138.42681,14.216960458469163,0
200408,20,143.41117,27.693322337485494,0
200409,20,137.97698,3.5794315783499675,0
200410,20,153.35837,-3.6634474152997587,0
200411,20,180.35266,6.044674871880984,0
200412,20,140.56058,13.857306990952356,0
200501,20,114.84833,8.460331036887347,0
200502,20,111.4913,11.235036722398938,0
200503,20,145.68401,5.959983169642213,0
200504,20,154.43533,13.578698393177579,0
200505,20,174.52414,25.86022216845556,0
200506,20,180.39497,29.2334501887513,0
200507,20,167.49402,20.998251711500117,0
200508,20,168.97274,17.82397424133699,0
200509,20,166.59941,20.74435170272606,0
200510,20,167.8126,9.425132778862988,0
200511,20,175.3934,-2.749757059308122,0
200512,20,159.17203,13.240874504075052,0
200601,20,144.89017,26.15783790674189,0
200602,20,146.24979,31.175966196465545,0
200603,20,191.28145,31.298863890415983,0
200604,20,172.85407,11.926506713198348,0
200605,20,181.83192,4.187260283878214,0
200606,20,169.71822,-5.918540855102561,0
200607,20,173.58941,3.639168729725384,0
200608,20,177.2432,4.894552813666886,0
200609,20,185.02038,11.057043959519408,0
200610,20,190.37025,13.442167036325037,0
200611,20,206.42195,17.690831011885287,0
200612,20,159.82947,0.4130373910541829,0
200701,20,147.72052,1.9534451509028994,0
200702,20,151.265,3.429208342794876,0
200703,20,183.52937,-4.05270871796507,0
200704,20,166.71148,-3.553627635149126,0
200705,20,182.84088,0.554886072808336,0
200706,20,168.30616,-0.8320025981889301,0
200707,20,178.55988,2.8633486339978864,0
200708,20,186.59254,5.274865269866491,0
200709,20,186.17787,0.6256013526726223,0
200710,20,215.78948,13.352522255972232,0
200711,20,225.65573,9.317700951860974,0
200712,20,182.89649,14.432269593335967,0
200801,20,150.60604,1.9533643667108747,0
200802,20,166.77042,10.25050077678249,0
200803,20,183.12291,-0.2214686401419086,0
200804,20,190.94666,14.537199237868936,0
200805,20,180.55909,-1.24796489712804,0
200806,20,190.80362,13.36698549833233,0
200807,20,192.21399,7.646796133599554,0
200808,20,178.43099,-4.3739958735756534,0
200809,20,193.67243,4.025483802129637,0
200810,20,210.81117,-2.307021639794482,0
200811,20,176.28985,-21.87663481888982,0
200812,20,98.46568,-46.163165843149855,0
200901,20,95.9006,-36.323536559357116,0
200902,20,105.50114,-36.73869742607832,0
200903,20,131.82076,-28.01514567456359,0
200904,20,117.89981,-38.255107473469295,0
200905,20,132.97402,-26.35429210459579,0
200906,20,140.97586,-26.11468272981403,0
200907,20,154.34185,-19.70311318130382,0
200908,20,160.06451,-10.293324046456275,0
200909,20,173.93716,-10.190025498208488,0
200910,20,181.48596,-13.910652836849202,0
200911,20,185.1421,5.021417852474208,0
200912,20,135.2445,37.35191794745132,0
201001,20,116.44329,21.42081488541261,0
201002,20,128.71449,22.00293759858898,0
201003,20,171.17898,29.85737603090741,0
201004,20,153.42756,30.133848392122097,0
201005,20,168.41843,26.655139101607972,0
201006,20,156.03934,10.68514850698552,0
201007,20,161.68403,4.757089538579473,0
201008,20,164.56098,2.8091611313463494,0
201009,20,160.43576,-7.762228611758415,0
201010,20,163.40672,-9.961784371639549,0
201011,20,185.76417,0.3359959728230333,0
201012,20,128.21377,-5.198533027221053,0
201101,20,127.23882,9.271062334291646,0
201102,20,145.81429,13.285062155783688,0
201103,20,163.87326,-4.267883825455677,0
201104,20,150.5863,-1.8518576453930513,0
201105,20,172.08525,2.177208278215148,0
201106,20,167.98902,7.658120061261475,0
201107,20,166.9942,3.2842884977570153,0
201108,20,172.66406,4.924059154241789,0
201109,20,167.24864,4.246484698922481,0
201110,20,165.82582,1.4804164724681934,0
201111,20,163.7856,-11.831436600502677,0
201112,20,121.96716,-4.872027396121337,0
201201,20,124.35494,-2.2665095448071604,0
201202,20,125.3925,-14.00534200043082,0
201203,20,136.1462,-16.91981962157828,0
201204,20,129.64552,-13.90616543470421,0
201205,20,147.02896,-14.560393758326173,0
201206,20,134.34558,-20.027166061210423,0
201207,20,144.40004,-13.529907026711118,0
201208,20,164.98233,-4.448945541996419,0
201209,20,150.57504,-9.96934862968093,0
201210,20,163.39686,-1.4647658609497571,0
201211,20,150.45108,-8.141448332454138,0
201212,20,92.25176,-24.36344340558557,0
201301,20,115.5999,-7.040363655838677,0
201302,20,122.80239,-2.065602009689571,0
201303,20,143.12011,5.122368453912052,0
201304,20,150.20808,15.860602047799244,0
201305,20,140.69611,-4.3072126742921935,0
201306,20,141.97787,5.681087535592888,0
201307,20,151.5409,4.945192535957754,0
201308,20,159.31942,-3.4324342491707904,0
201309,20,155.13338,3.0272879223541826,0
201310,20,173.80384,6.369143201405469,0
201311,20,169.25182,12.49624794983195,0
201312,20,116.33823,26.109496447547432,0
201401,20,146.08539,26.371553954631445,0
201402,20,166.27878,35.403537341577795,0
201403,20,163.91743,14.53137508069271,0
201404,20,156.42398,4.138192832236465,0
201405,20,146.07403,3.8223658067021216,0
201406,20,102.14399,-28.056400620744625,0
201407,20,142.8485,-5.736009222592708,0
201408,20,136.70384,-14.195118209694712,0
201409,20,140.66584,-9.325871711168798,0
201410,20,158.9907,-8.522907203891473,0
201411,20,137.51941,-18.748637385405964,0
201412,20,87.66067,-24.650160140823875,0
201501,20,110.59389,-24.295037306605394,0
201502,20,110.06215,-33.808661574255,0
201503,20,125.99882,-23.13275043416676,0
201504,20,105.86769,-32.3200381424894,0
201505,20,102.59452,-29.765393615826163,0
201506,20,85.25189,-16.537536863402337,0
201507,20,92.87025,-34.98689170694828,0
201508,20,96.27972,-29.57058119215964,0
201509,20,101.40913,-27.907777751869254,0
201510,20,101.88932,-35.914918293963105,0
201511,20,91.54095,-33.434160312351544,0
201512,20,53.75439,-38.67901078100361,0
201601,20,66.1948,-40.14606051021444,0
201602,20,74.40547,-32.396859410796544,0
201603,20,88.4497,-29.80116797919218,0
201604,20,80.23756,-24.209586513127846,0
201605,20,82.69031,-19.400851039607193,0
201606,20,79.2782,-7.007105648918754,0
201607,20,81.58055,-12.156422535742061,0
201608,20,96.29366,0.014478646178028853,0
201609,20,92.6701,-8.617596857403276,0
201610,20,97.95297,-3.8633587897141775,0
201611,20,102.52587,12.000006554443665,0
201612,20,71.34061,32.71587678699357,0
201701,20,84.85365,28.187788164629257,0
201702,20,87.58138,17.708254514083443,0
201703,20,105.92722,19.759840903926175,0
201704,20,88.78153,10.648342247695464,0
201705,20,106.2091,28.44201454801658,0
201706,20,91.35699,15.235953894008691,0
201707,20,103.17336,26.468085836636313,0
201708,20,118.70533,23.274294486262125,0
201709,20,108.48021,17.06063768140964,0
201710,20,121.15593,23.68785755041425,0
201711,20,116.33819,13.472033936410387,0
201712,20,85.7286,20.168022112510677,0
201801,20,108.5669,27.946057712308203,0
201802,20,110.01662,25.61644952386,0
201803,20,131.48506,24.12773600591047,0
201804,20,118.75697,33.76314870897132,0
201805,20,107.24231,0.9728074148072086,0
201806,20,87.84941,-3.839421592151837,0
201807,20,93.27156,-9.597244870187428,0
201808,20,109.47091,-7.77928000368644,0
201809,20,99.39319,-8.376661512731209,0
201810,20,111.88039,-7.655869588884334,0
201811,20,102.02766,-12.300801654211746,0
201812,20,69.52099,-18.905721077913327,0
201901,20,98.02458,-9.710436606368978,0
201902,20,106.95527,-2.7826250252007467,0
201903,20,100.48438,-23.577340269685397,0
201904,20,111.51517,-6.097999974233092,0
201905,20,112.784,5.167447437489936,0
201906,20,90.55052,3.074704770356451,0
201907,20,101.61221,8.942329258779424,0
201908,20,108.92284,-0.500653552619601,0
201909,20,108.5719,9.234747370519036,0
201910,20,116.9711,4.55013608729824,0
201911,20,108.56005,6.402567695858163,0
201912,20,75.95949,9.261231751734279,0
202001,20,107.09881,9.257096536399345,0
202002,20,95.41354,-10.79117466582058,0
202003,20,101.56188,1.0723059643697797,0
202004,20,61.41495,-44.926820270282505,0
202005,20,76.55503,-32.12243757979856,0
202006,20,85.94071,-5.090870819957749,0
202007,20,110.94685,9.186533783686034,0
202008,20,116.28359,6.757765405308946,0
202009,20,125.74946,15.821368144059367,0
202010,20,128.3266,9.707953503044763,0
202011,20,117.96666,8.664890998115782,0
202012,20,97.95811,28.960989601167686,0
202101,20,93.64418,-12.562819325443474,0
202102,20,100.12904,4.942170681435787,0
202103,20,118.96408,17.134578446165037,0
202104,20,96.52156,57.16297090529261,0
202105,20,99.93133,30.535289451261406,0
202106,20,98.1186,14.170106344245937,0
202107,20,105.35212,-5.042711893127205,0
202108,20,100.99325,-13.149181238728524,0
202109,20,103.0279,-18.068912582209094,0
202110,20,98.96195,-22.88274605576709,0
202111,20,99.58484,-15.582216195660713,0
202112,20,88.07249,-10.091681025695575,0
202201,20,91.48712,-2.30346402734265,0
202202,20,94.98508,-5.137330788350713,0
202203,20,115.30471,-3.0760293359138324,0
202204,20,100.53928,4.162510427722066,0
202205,20,111.60547,11.682162140742047,0
202206,20,98.99416,0.8923486474531783,0
202207,20,104.77849,-0.5444883311318205,0
202208,20,103.47658,2.4589069071447867,0
202209,20,103.17645,0.14418424523843232,0
202210,20,107.54808,8.676193223759231,0
202211,20,93.2585,-6.352713927139919,0
202212,20,74.84609,-15.01762922792349,0
202301,20,81.63838,-10.765165632058382,0
202302,20,87.14618,-8.252769803425963,0
202303,20,120.50581,4.510743750190249,0
202304,20,89.93574,-10.546663950646963,0
202305,20,101.75536,-8.825830848613425,0
202306,20,87.72804,-11.380590531805112,0
202307,20,81.91189,-21.823754093039515,0
202308,20,97.36369,-5.907510665698457,0
202309,20,89.02806,-13.712809463787522,0
202310,20,87.98051,-18.19425321214475,0
202311,20,74.57983,-20.028919615906325,0
202312,20,67.62614,-9.646395690142262,0
202401,20,94.12768,15.298319246413271,0
202402,20,103.46023,18.72032715604974,0
202403,20,107.5783,-10.727706821770667,0
202404,20,99.84183,11.01463111328156,0
202405,20,107.83269,5.972491277117986,0
202406,20,103.82753,18.35158975397149,0
202407,20,100.88658,23.164756667194464,0
202408,20,110.57099,13.56491316218602,0
202409,20,104.98775,17.926584045524542,0
202410,20,107.88258,22.620998673456217,0
202411,20,100.56797,34.846070311503794,0
202412,20,82.69307,22.279742714873272,0
202501,20,92.63747,-1.5831793580804332,0
202502,20,101.66572,-1.7344925678205114,0
202503,20,102.4658,-4.7523524725711415,0
202504,20,100.72452,0.8840883625630624,0
202505,20,109.70734,1.7384802326641413,0
202506,20,99.11521,-4.538603586158696,0
202507,20,99.31133,-1.5614068788931013,0
202508,20,100.86065,-8.781996073291909,0
202509,20,103.28815,-1.6188555331455357,0
202510,20,110.24033,2.1854779520474876,0
202511,20,94.83612,-5.6994786709923755,0
202512,20,72.05809,-12.860787487996273,0
202601,20,86.09758,-7.059659552446762,0
202602,20,92.52768,-8.988319760092178,0
202603,20,112.036,9.339896824111072,0
202604,20,99.62281,-1.0937853066959269,0
202605,20,100.42274,-8.463061815189388,0
202606,20,85.11192,-14.128295747948282,0
202607,20,96.97601,-2.351514172652802,0
200201,21,96.56653,,0
200202,21,88.55418,,0
200203,21,94.94183,,0
200204,21,103.15985,,0
200205,21,94.67316,,0
200206,21,89.45175,,0
200207,21,92.90476,,0
200208,21,98.23032,,0
200209,21,105.35885,,0
200210,21,111.37987,,0
200211,21,109.08405,,0
200212,21,107.49975,,0
200301,21,99.08929,2.612457960330561,0
200302,21,99.97009,12.891441149361892,0
200303,21,96.98466,2.1516648667926574,0
200304,21,98.75365,-4.2712353691867655,0
200305,21,93.81819,-0.903075380604168,0
200306,21,90.03384,0.6507307011880625,0
200307,21,99.28105,6.863254369313254,0
200308,21,100.78972,2.6055091747639647,0
200309,21,115.56827,9.690139936037646,0
200310,21,123.3621,10.757985262507486,0
200311,21,116.84513,7.1147706745394945,0
200312,21,106.35861,-1.0615280500652413,0
200401,21,104.27463,5.232997430902975,0
200402,21,102.35247,2.3830927830513993,0
200403,21,115.55843,19.151245155677188,0
200404,21,114.7574,16.205730117317184,0
200405,21,113.98637,21.497089210525154,0
200406,21,108.45191,20.45683045397153,0
200407,21,112.84327,13.66043167351676,0
200408,21,120.71257,19.76674803739904,0
200409,21,120.03108,3.861622225546868,0
200410,21,121.99635,-1.107106639721589,0
200411,21,120.13571,2.8161892583798753,0
200412,21,108.67874,2.1814218895865656,0
200501,21,103.72243,-0.5295631353474994,0
200502,21,103.45042,1.0727147083016142,0
200503,21,122.4101,5.9291823192821225,0
200504,21,116.28692,1.3328290811747134,0
200505,21,120.82201,5.996892435472789,0
200506,21,114.01585,5.130329193833472,0
200507,21,110.08655,-2.4429635901192848,0
200508,21,121.50266,0.6545217287644567,0
200509,21,116.17785,-3.210193559867991,0
200510,21,126.98034,4.085359930850374,0
200511,21,127.32385,5.983349996433196,0
200512,21,121.56936,11.861215910305912,0
200601,21,120.62737,16.29824908652835,0
200602,21,116.81536,12.919174228582154,0
200603,21,135.94154,11.054185888255951,0
200604,21,120.96863,4.025998796769237,0
200605,21,132.56334,9.717873423890232,0
200606,21,125.15211,9.767291126628441,0
200607,21,125.46976,13.973741569701282,0
200608,21,134.918,11.041190373939136,0
200609,21,125.6728,8.172771315702597,0
200610,21,143.03098,12.640255964033486,0
200611,21,142.32774,11.784037319009766,0
200612,21,125.61643,3.329021391574316,0
200701,21,140.75351,16.684555088948727,0
200702,21,127.79631,9.40026208882121,0
200703,21,155.44778,14.348991485604756,0
200704,21,144.12382,19.141483209324583,0
200705,21,152.86764,15.316678049904286,0
200706,21,141.09315,12.737332195198325,0
200707,21,143.63923,14.481154662286766,0
200708,21,154.40352,14.442490994529988,0
200709,21,146.42897,16.516040065949046,0
200710,21,173.1542,21.060626166443107,0
200711,21,165.23965,16.0979932654028,0
200712,21,134.86177,7.35997671642159,0
200801,21,148.25395,5.328776525715062,0
200802,21,143.49029,12.280464122946878,0
200803,21,155.02486,-0.2720656415935996,0
200804,21,153.21844,6.310282366925879,0
200805,21,148.31917,-2.9754302480237027,0
200806,21,146.11643,3.560257886367979,0
200807,21,151.1723,5.244437748656838,0
200808,21,160.43752,3.90794199510478,0
200809,21,166.34329,13.5999863961346,0
200810,21,174.63102,0.8528929705430288,0
200811,21,153.03162,-7.38807544073109,0
200812,21,127.92078,-5.146743958647448,0
200901,21,121.19419,-18.252302889737503,0
200902,21,114.22289,-20.396780855345675,0
200903,21,124.08956,-19.9550575307728,0
200904,21,122.0821,-20.321535710714713,0
200905,21,126.15023,-14.946779974564329,0
200906,21,128.79623,-11.853697766910953,0
200907,21,139.82266,-7.507751089319925,0
200908,21,145.76768,-9.143646698104035,0
200909,21,152.28738,-8.449941082685076,0
200910,21,168.8348,-3.319123944875313,0
200911,21,162.35055,6.089545415516073,0
200912,21,145.02798,13.373276804597367,0
201001,21,147.28162,21.52531404351974,0
201002,21,140.58528,23.079778492734683,0
201003,21,169.80119,36.83761147996656,0
201004,21,156.96185,28.570732318660962,0
201005,21,147.01102,16.53646608492114,0
201006,21,135.78052,5.422744128457779,0
201007,21,130.77746,-6.469051582912256,0
201008,21,146.64135,0.5993578274690048,0
201009,21,145.29763,-4.589841915988058,0
201010,21,152.84487,-9.470754844380435,0
201011,21,158.69,-2.254719802304339,0
201012,21,142.07069,-2.0391168655868985,0
201101,21,147.51709,0.1598773832063971,0
201102,21,149.26647,6.175034825836656,0
201103,21,160.50198,-5.476528168029915,0
201104,21,136.16742,-13.248079071443165,0
201105,21,151.84646,3.28916839023361,0
201106,21,140.5968,3.5471067572874215,0
201107,21,133.77278,2.2903946903388483,0
201108,21,151.82416,3.534344166907921,0
201109,21,144.09763,-0.8258909660123104,0
201110,21,146.06805,-4.433789632586283,0
201111,21,144.92127,-8.676495053248479,0
201112,21,142.84751,0.5467841396420203,0
201201,21,138.33881,-6.221841821852648,0
201202,21,142.87163,-4.284177149764434,0
201203,21,149.398,-6.918282254212693,0
201204,21,137.7907,1.1921206996504674,0
201205,21,147.26056,-3.0200901621282528,0
201206,21,133.97482,-4.70990804911634,0
201207,21,141.45718,5.74436742661697,0
201208,21,153.54495,1.133409860459622,0
201209,21,140.15526,-2.7359020408593837,0
201210,21,158.85747,8.755795671948796,0
201211,21,155.84502,7.5377134081146435,0
201212,21,137.55989,-3.701583597781999,0
201301,21,142.84023,3.253909730754523,0
201302,21,136.69683,-4.3219217139189965,0
201303,21,155.5124,4.092692003909026,0
201304,21,164.79998,19.60167123035155,0
201305,21,144.21141,-2.0705815596518184,0
201306,21,144.72476,8.023851049025499,0
201307,21,152.45967,7.777965035072798,0
201308,21,160.37478,4.448098097658049,0
201309,21,151.53318,8.118082760504297,0
201310,21,163.09729,2.668945942548362,0
201311,21,149.86698,-3.8358877300025296,0
201312,21,126.648,-7.932464906739889,0
201401,21,136.24465,-4.617452660220433,0
201402,21,137.95974,0.9238765814832739,0
201403,21,143.5976,-7.661639843510882,0
201404,21,141.44286,-14.173011428763527,0
201405,21,142.38299,-1.2678747125487444,0
201406,21,117.9698,-18.48678830077175,0
201407,21,141.17696,-7.400455477832257,0
201408,21,147.18275,-8.225750956603017,0
201409,21,145.26166,-4.138710743086094,0
201410,21,154.8398,-5.062922872599529,0
201411,21,138.46999,-7.6047372142949765,0
201412,21,120.51964,-4.838892047249066,0
201501,21,133.05303,-2.3425653777964905,0
201502,21,128.18104,-7.088082363738879,0
201503,21,148.58404,3.4725092898488574,0
201504,21,129.75405,-8.263980239087354,0
201505,21,124.56067,-12.517169361312053,0
201506,21,111.70241,-5.312707150474106,0
201507,21,119.26219,-15.522908270584669,0
201508,21,119.19019,-19.018913561541684,0
201509,21,117.73616,-18.94890916157781,0
201510,21,122.95059,-20.594969768754545,0
201511,21,118.24082,-14.609064390053039,0
201512,21,93.32887,-22.56127714951688,0
201601,21,102.63402,-22.86232038458651,0
201602,21,106.03659,-17.27591693748154,0
201603,21,125.40522,-15.599804662734973,0
201604,21,122.44033,-5.6366024798455205,0
201605,21,120.40972,-3.3324724409398265,0
201606,21,118.87257,6.418984156205765,0
201607,21,117.49094,-1.4851731298913817,0
201608,21,129.05251,8.27443936451482,0
201609,21,111.59761,-5.213818762222244,0
201610,21,110.50515,-10.122310108475286,0
201611,21,104.80499,-11.36310624368132,0
201612,21,90.18297,-3.3707683378144337,0
201701,21,96.60678,-5.8725557081365505,0
201702,21,103.33513,-2.5476677437476947,0
201703,21,125.0902,-0.2512016644921178,0
201704,21,101.38831,-17.19369753413765,0
201705,21,115.2187,-4.311130363894211,0
201706,21,107.60118,-9.481909914120635,0
201707,21,109.25143,-7.012889674727251,0
201708,21,121.5626,-5.8037693338936265,0
201709,21,108.07119,-3.1599422245691455,0
201710,21,114.61654,3.7205415313222856,0
201711,21,112.97228,7.792844596426174,0
201712,21,95.53614,5.935898984032129,0
201801,21,102.52674,6.12789288702098,0
201802,21,103.35999,0.024057646223485385,0
201803,21,114.90753,-8.140261986950215,0
201804,21,111.29113,9.767220698323097,0
201805,21,103.8287,-9.885548092453744,0
201806,21,107.43633,-0.15320463957737562,0
201807,21,115.20477,5.449210138485139,0
201808,21,121.57646,0.011401533037291856,0
201809,21,106.78377,-1.1912703098762911,0
201810,21,117.53978,2.5504521424220217,0
201811,21,112.06924,-0.7993465299629299,0
201812,21,90.67832,-5.084798276338153,0
201901,21,100.05715,-2.4087277133750806,0
201902,21,108.60676,5.076209856444458,0
201903,21,107.82907,-6.160135893618102,0
201904,21,109.91854,-1.233332791211661,0
201905,21,119.84728,15.42789228797048,0
201906,21,103.11698,-4.020381187629917,0
201907,21,112.09222,-2.701754449924254,0
201908,21,120.18287,-1.1462663084613633,0
201909,21,110.56269,3.5388523930181437,0
201910,21,121.23346,3.14249354558942,0
201911,21,110.35614,-1.5286085637771785,0
201912,21,93.94588,3.603463319567468,0
202001,21,104.09875,4.039291544882095,0
202002,21,107.86042,-0.6871947933995926,0
202003,21,105.96645,-1.7273820501280457,0
202004,21,62.81981,-42.848758726234905,0
202005,21,76.41658,-36.23836936474487,0
202006,21,100.63177,-2.4100880378769785,0
202007,21,118.17595,5.427432876251359,0
202008,21,121.11884,0.7787881916948791,0
202009,21,123.42686,11.635181814045946,0
202010,21,128.98198,6.39140382531358,0
202011,21,126.38327,14.523097672680475,0
202012,21,112.25947,19.493765985267242,0
202101,21,114.14809,9.65366058670254,0
202102,21,117.84256,9.254683043140389,0
202103,21,129.03112,21.766011789580574,0
202104,21,111.20379,77.02025841848297,0
202105,21,113.68639,48.771889555905275,0
202106,21,108.16835,7.489265070066842,0
202107,21,111.3074,-5.812138595035621,0
202108,21,116.66348,-3.6785028654501617,0
202109,21,115.2463,-6.62786041871275,0
202110,21,107.16895,-16.911687973777422,0
202111,21,108.78854,-13.921723975016631,0
202112,21,90.43034,-19.445245911102194,0
202201,21,91.45433,-19.880980925743042,0
202202,21,98.66963,-16.26995374167025,0
202203,21,101.65301,-21.21822239472152,0
202204,21,94.8298,-14.724309306364457,0
202205,21,111.47563,-1.9446127192533802,0
202206,21,99.64969,-7.8753720473687565,0
202207,21,100.19025,-9.987790569180477,0
202208,21,107.4995,-7.855054555204433,0
202209,21,103.6138,-10.093599534214992,0
202210,21,102.81118,-4.066261729726762,0
202211,21,101.25067,-6.9289191674049455,0
202212,21,86.9025,-3.9011685679828267,0
202301,21,85.26937,-6.76289466009975,0
202302,21,84.45988,-14.401341121883194,0
202303,21,97.47888,-4.106253223588752,0
202304,21,80.93154,-14.65600475799802,0
202305,21,93.19071,-16.40261642836197,0
202306,21,86.85227,-12.842408240306625,0
202307,21,89.06152,-11.107597795194646,0
202308,21,98.98294,-7.922418243805785,0
202309,21,91.17472,-12.005234823932721,0
202310,21,95.92195,-6.700856852338433,0
202311,21,92.48437,-8.658016781518585,0
202312,21,81.56769,-6.138845257616299,0
202401,21,87.49962,2.615534745946868,0
202402,21,94.34462,11.703473886062831,0
202403,21,95.88064,-1.6395756701349073,0
202404,21,105.14793,29.922067465910086,0
202405,21,102.50915,9.999322893880747,0
202406,21,96.14087,10.694711836547288,0
202407,21,105.4116,18.358186565870426,0
202408,21,105.53381,6.61818087036008,0
202409,21,105.17641,15.356987112217091,0
202410,21,115.65016,20.566940100779863,0
202411,21,105.23843,13.790503195296665,0
202412,21,90.48386,10.931007118137103,0
202501,21,97.42705,11.34568355839718,0
202502,21,100.43286,6.453192561483623,0
202503,21,101.11169,5.455793786941765,0
202504,21,97.43525,-7.335075450367878,0
202505,21,102.70392,0.19000255099177465,0
202506,21,94.82696,-1.3666508322631277,0
202507,21,102.3267,-2.9265280102000246,0
202508,21,99.41937,-5.7938209565256855,0
202509,21,104.70203,-0.45103269830184534,0
202510,21,108.30017,-6.355365180644801,0
202511,21,99.07568,-5.8559881594584695,0
202512,21,85.4921,-5.516740775647733,0
202601,21,95.2797,-2.204059344914977,0
202602,21,92.6056,-7.79352494791048,0
202603,21,101.68729,0.5692714660392006,0
202604,21,95.09165,-2.4052896667273838,0
202605,21,100.47252,-2.172653195710539,0
202606,21,100.28309,5.753775086747481,0
202607,21,108.91438,6.437889622161164,0
200201,22,62.23485,,0
200202,22,66.73521,,0
200203,22,73.86466,,0
200204,22,76.45942,,0
200205,22,77.85233,,0
200206,22,71.52699,,0
200207,22,76.43638,,0
200208,22,79.01002,,0
200209,22,77.53157,,0
200210,22,85.83006,,0
200211,22,84.13215,,0
200212,22,72.02767,,0
200301,22,70.18007,12.766512653280282,0
200302,22,78.41244,17.497854580812742,0
200303,22,77.31388,4.669648516624858,0
200304,22,78.60577,2.8071753617801676,0
200305,22,78.26264,0.5270362492683311,0
200306,22,71.87149,0.4816363725077766,0
200307,22,79.67722,4.239918216953775,0
200308,22,77.70065,-1.6572201854903934,0
200309,22,83.71293,7.9727006689017,0
200310,22,92.96979,8.318449270570238,0
200311,22,89.50422,6.385276021116781,0
200312,22,78.50288,8.989892356645711,0
200401,22,76.18781,8.560464530742129,0
200402,22,79.82282,1.798668680632809,0
200403,22,95.91009,24.052873817741393,0
200404,22,86.45253,9.982422409957925,0
200405,22,91.42048,16.812415221362322,0
200406,22,93.13286,29.582481175776376,0
200407,22,96.82263,21.51858460925218,0
200408,22,102.26502,31.614111336262972,0
200409,22,99.70751,19.106463003982775,0
200410,22,104.06138,11.930316288764331,0
200411,22,100.72918,12.541263417523773,0
200412,22,83.97839,6.974916079511995,0
200501,22,82.68131,8.523017002326227,0
200502,22,85.46727,7.071223492229417,0
200503,22,97.20085,1.3458020944407512,0
200504,22,90.7339,4.952278435344826,0
200505,22,91.75651,0.3675653420327718,0
200506,22,94.92548,1.9247986156550878,0
200507,22,88.59953,-8.492952525664709,0
200508,22,99.1663,-3.0300879029799277,0
200509,22,95.52866,-4.191108573466529,0
200510,22,94.48896,-9.198820926649242,0
200511,22,95.31759,-5.372415421231469,0
200512,22,86.58719,3.1065134732875865,0
200601,22,82.22664,-0.549906623395291,0
200602,22,87.33215,2.1819814766518286,0
200603,22,100.2993,3.1876778855328913,0
200604,22,85.31531,-5.971957559412755,0
200605,22,94.82578,3.345016064800177,0
200606,22,92.36129,-2.701266298574412,0
200607,22,92.27629,4.149864000407222,0
200608,22,103.08132,3.9479339251338397,0
200609,22,95.30854,-0.23042299557013424,0
200610,22,102.1402,8.097496257763858,0
200611,22,99.00996,3.8737550959901723,0
200612,22,86.12669,-0.5318338659563993,0
200701,22,93.5937,13.824059939698374,0
200702,22,94.28822,7.965073572561754,0
200703,22,110.93705,10.606006223373443,0
200704,22,101.18947,18.60646113810054,0
200705,22,114.81344,21.07829748408081,0
200706,22,112.156,21.43182495610445,0
200707,22,110.34169,19.577510105792072,0
200708,22,122.42035,18.76094524206713,0
200709,22,111.13786,16.60850118992485,0
200710,22,125.71308,23.078944431281712,0
200711,22,119.69804,20.894948346610786,0
200712,22,109.72887,27.404025395611974,0
200801,22,106.40605,13.689329516837123,0
200802,22,115.97281,22.998196381265878,0
200803,22,124.30619,12.051104658001988,0
200804,22,122.60133,21.160166171440565,0
200805,22,121.20905,5.570436701487225,0
200806,22,122.698,9.399407967473872,0
200807,22,127.94911,15.95717810738626,0
200808,22,126.86075,3.627174730345084,0
200809,22,137.04248,23.308546700467335,0
200810,22,136.18864,8.332911738380755,0
200811,22,112.60185,-5.928409521158418,0
200812,22,80.25056,-26.86468018854109,0
200901,22,72.5922,-31.778127277537315,0
200902,22,69.43376,-40.12927685377288,0
200903,22,81.44479,-34.48050334420193,0
200904,22,71.64956,-41.55890478512754,0
200905,22,76.68907,-36.729914144199626,0
200906,22,76.93739,-37.295318587100034,0
200907,22,84.48383,-33.970756029487035,0
200908,22,91.32323,-28.013014269582992,0
200909,22,97.58109,-28.79500575296069,0
200910,22,104.43107,-23.318809850806932,0
200911,22,110.92485,-1.4893183371321062,0
200912,22,103.8538,29.411931829509985,0
201001,22,94.77478,30.557800975862428,0
201002,22,101.88924,46.74308290376323,0
201003,22,124.99026,53.46624381989322,0
201004,22,110.80926,54.65448775958988,0
201005,22,114.5216,49.33236248659685,0
201006,22,118.49454,54.01424456951296,0
201007,22,114.35441,35.35656468225932,0
201008,22,123.11389,34.81114279466462,0
201009,22,123.17073,26.22397433765087,0
201010,22,121.91937,16.746261433498667,0
201011,22,121.96858,9.956046819085174,0
201012,22,113.24541,9.043106751991736,0
201101,22,105.14552,10.942510233207603,0
201102,22,115.8051,13.657830797442404,0
201103,22,127.21956,1.783578976473832,0
201104,22,106.87075,-3.554314865021202,0
201105,22,117.17029,2.312830068738103,0
201106,22,115.1545,-2.8187290317342906,0
201107,22,112.14779,-1.9296326219513493,0
201108,22,126.86702,3.048502488224525,0
201109,22,116.38902,-5.505942848597234,0
201110,22,112.45153,-7.765656925556619,0
201111,22,118.96561,-2.46208490744092,0
201112,22,106.01747,-6.382545659024952,0
201201,22,104.10294,-0.9915591268177648,0
201202,22,106.48673,-8.046597256942922,0
201203,22,122.0747,-4.044079385276911,0
201204,22,102.08412,-4.478896236809415,0
201205,22,114.46795,-2.3063355053571932,0
201206,22,114.19038,-0.8372404031105951,0
201207,22,109.98637,-1.9272961152422274,0
201208,22,115.8816,-8.659003734776771,0
201209,22,105.042,-9.749218611858746,0
201210,22,114.02069,1.3954100935754221,0
201211,22,106.13444,-10.785612749768614,0
201212,22,92.91559,-12.35822737516752,0
201301,22,99.8627,-4.073122238430537,0
201302,22,106.521,0.03218241371483188,0
201303,22,115.26975,-5.574414682157736,0
201304,22,115.41074,13.054547563323272,0
201305,22,113.6465,-0.7176244529582321,0
201306,22,112.75253,-1.2591691173985176,0
201307,22,117.57681,6.901255128249084,0
201308,22,121.07992,4.485889045370439,0
201309,22,118.45478,12.768968603034981,0
201310,22,128.22383,12.456633967045793,0
201311,22,116.31393,9.59112800708235,0
201312,22,95.39405,2.6674318055775137,0
201401,22,105.22824,5.3729170150616845,0
201402,22,112.85793,5.948995972625104,0
201403,22,106.65282,-7.475447808293156,0
201404,22,103.31036,-10.484622141752142,0
201405,22,109.62626,-3.537495655387546,0
201406,22,97.33742,-13.671631137678242,0
201407,22,106.48344,-9.434998278997353,0
201408,22,112.30758,-7.24508242159394,0
201409,22,115.71998,-2.308729120091224,0
201410,22,119.28317,-6.972697664700855,0
201411,22,105.47068,-9.322400163075905,0
201412,22,89.0979,-6.600149590042559,0
201501,22,96.78848,-8.020432537881462,0
201502,22,99.80756,-11.563538335321233,0
201503,22,103.95695,-2.527706252867945,0
201504,22,92.46571,-10.49715633553111,0
201505,22,87.64375,-20.0522301864535,0
201506,22,84.33566,-13.357411774423433,0
201507,22,91.26702,-14.289940294941639,0
201508,22,96.12369,-14.41032742402606,0
201509,22,93.03344,-19.604687107619622,0
201510,22,97.27158,-18.45322353522295,0
201511,22,87.80691,-16.747564346792878,0
201512,22,66.54296,-25.314782952235692,0
201601,22,71.95831,-25.654055110690866,0
201602,22,72.09711,-27.763878808378838,0
201603,22,86.12155,-17.156524888427384,0
201604,22,81.81035,-11.523579930333094,0
201605,22,81.03651,-7.538746345289871,0
201606,22,81.88496,-2.905888209092089,0
201607,22,78.91982,-13.528654710102295,0
201608,22,88.22526,-8.216944230917466,0
201609,22,83.89598,-9.821694220916699,0
201610,22,83.47542,-14.183135505766431,0
201611,22,84.48627,-3.7817524839446004,0
201612,22,74.71663,12.283297887560153,0
201701,22,69.48661,-3.434905572407132,0
201702,22,80.06444,11.050831302392016,0
201703,22,86.56326,0.5128913727168172,0
201704,22,76.62526,-6.337938903818408,0
201705,22,85.59612,5.62661200488519,0
201706,22,85.60402,4.541810852688943,0
201707,22,83.20652,5.431715378975777,0
201708,22,89.77294,1.7542368251450835,0
201709,22,86.88633,3.564354334975306,0
201710,22,90.35698,8.243815964028677,0
201711,22,86.55503,2.4486345532830356,0
201712,22,75.42473,0.9477140497369918,0
201801,22,80.90221,16.4284888844052,0
201802,22,81.12746,1.3277055331930132,0
201803,22,89.44126,3.324736152497021,0
201804,22,83.36432,8.794828232883,0
201805,22,81.76846,-4.471768112853702,0
201806,22,85.42987,-0.20343670776210576,0
201807,22,89.84736,7.981153399997987,0
201808,22,99.60557,10.952777084052268,0
201809,22,84.14238,-3.1580917274328435,0
201810,22,95.30887,5.480362446819287,0
201811,22,86.36571,-0.21872790061998604,0
201812,22,73.444,-2.6261015452093694,0
201901,22,74.02707,-8.498086764255264,0
201902,22,85.10922,4.9080299075060285,0
201903,22,83.50924,-6.632308176338297,0
201904,22,87.83298,5.36039878931418,0
201905,22,93.47223,14.313306132951498,0
201906,22,82.36111,-3.592139377011805,0
201907,22,91.91686,2.3033509276176867,0
201908,22,95.63082,-3.9904896884782604,0
201909,22,88.07299,4.671379630573802,0
201910,22,96.04296,0.7702221209841209,0
201911,22,88.02371,1.9197433796352525,0
201912,22,67.76781,-7.728595937040472,0
202001,22,78.5354,6.0901100097572325,0
202002,22,82.6392,-2.9021767559378353,0
202003,22,82.37982,-1.3524491421548213,0
202004,22,51.09975,-41.82168247052531,0
202005,22,61.0813,-34.65299800807149,0
202006,22,66.45304,-19.315026230219566,0
202007,22,83.55047,-9.102127727165609,0
202008,22,89.15794,-6.76861288024091,0
202009,22,95.31427,8.221907760824276,0
202010,22,105.2083,9.542958692651716,0
202011,22,101.60155,15.425207594635593,0
202012,22,93.30373,37.68148919081198,0
202101,22,92.60008,17.908713777481246,0
202102,22,98.60791,19.323408261454624,0
202103,22,105.38643,27.927482725745236,0
202104,22,99.51995,94.75623657649987,0
202105,22,100.7512,64.94606368888678,0
202106,22,101.06703,52.08789545218699,0
202107,22,105.32306,26.059207087644133,0
202108,22,109.51895,22.837012609308836,0
202109,22,109.22184,14.591277885252651,0
202110,22,109.67262,4.243315403822701,0
202111,22,104.47947,2.8325552120021857,0
202112,22,92.20871,-1.1736079575811242,0
202201,22,84.93105,-8.28188269383785,0
202202,22,97.05735,-1.5724499180643892,0
202203,22,106.77407,1.3167160136271727,0
202204,22,97.18213,-2.349096839377429,0
202205,22,103.23187,2.462174147801721,0
202206,22,100.90129,-0.16399017562898077,0
202207,22,101.24855,-3.868583005469084,0
202208,22,111.43296,1.747651890380597,0
202209,22,106.33019,-2.647501635204097,0
202210,22,105.79861,-3.5323401592849635,0
202211,22,100.58192,-3.730445799543214,0
202212,22,84.52999,-8.327543027117501,0
202301,22,84.20868,-0.8505369944207697,0
202302,22,88.26971,-9.054069578450264,0
202303,22,107.55094,0.7275830171126874,0
202304,22,83.04622,-14.545791494794358,0
202305,22,100.76491,-2.3897271259350483,0
202306,22,94.78757,-6.059109848843358,0
202307,22,92.31712,-8.82129176170917,0
202308,22,106.23707,-4.662794562757721,0
202309,22,94.02714,-11.570608497925184,0
202310,22,98.32499,-7.064005850360411,0
202311,22,90.106,-10.41531122094309,0
202312,22,73.93421,-12.534935825734749,0
202401,22,83.0626,-1.360999839921484,0
202402,22,88.39794,0.14527067099234792,0
202403,22,91.02445,-15.36619763620848,0
202404,22,96.03291,15.637906216562293,0
202405,22,92.18971,-8.51010535314327,0
202406,22,96.81762,2.1416837671859312,0
202407,22,102.32895,10.845041526425447,0
202408,22,105.9328,-0.2864066187066361,0
202409,22,99.09926,5.394314875471062,0
202410,22,106.17322,7.981928093763346,0
202411,22,100.65758,11.71018578119105,0
202412,22,81.34479,10.023208471423462,0
202501,22,93.49947,12.565065384420905,0
202502,22,99.55411,12.620395905153426,0
202503,22,99.77504,9.613450012606496,0
202504,22,98.17642,2.2320577393728724,0
202505,22,103.6635,12.445846721938914,0
202506,22,97.66388,0.8740764336078399,0
202507,22,106.73432,4.30510622849154,0
202508,22,105.00527,-0.8755833887143627,0
202509,22,103.59294,4.53452427394514,0
202510,22,109.27118,2.917835589803164,0
202511,22,98.2184,-2.423245224055648,0
202512,22,81.96819,0.7663674588132885,0
202601,22,78.41639,-16.131727805515894,0
202602,22,88.77514,-10.827247614387792,0
202603,22,99.20722,-0.5691002479177087,0
202604,22,90.72994,-7.584794801032668,0
202605,22,93.79178,-9.522850376458436,0
202606,22,95.59222,-2.121214106996372,0
202607,22,100.0321,-6.279348573167464,0
200201,23,72.60072,,0
200202,23,74.06187,,0
200203,23,85.37216,,0
200204,23,91.68735,,0
200205,23,85.92352,,0
200206,23,77.98911,,0
200207,23,81.03607,,0
200208,23,75.86159,,0
200209,23,81.25029,,0
200210,23,90.16321,,0
200211,23,85.04562,,0
200212,23,66.69148,,0
200301,23,80.83359,11.33992886020967,0
200302,23,82.15741,10.930779900642529,0
200303,23,80.91382,-5.222241067814137,0
200304,23,79.95104,-12.800359046258825,0
200305,23,84.85307,-1.245817210468092,0
200306,23,77.3379,-0.8350011943975111,0
200307,23,81.30191,0.328051446719968,0
200308,23,79.99805,5.4526407896275275,0
200309,23,89.67282,10.366153770035758,0
200310,23,93.90524,4.150284800197324,0
200311,23,92.28083,8.507445768518117,0
200312,23,77.77033,16.612091979365285,0
200401,23,89.51714,10.742501972261763,0
200402,23,89.7327,9.220458629355521,0
200403,23,114.34347,41.31513009767676,0
200404,23,103.15028,29.016808286671434,0
200405,23,109.41734,28.94918239257578,0
200406,23,110.62119,43.036195707408645,0
200407,23,115.17182,41.65942718934892,0
200408,23,117.12454,46.40924372531578,0
200409,23,117.16869,30.662434838114816,0
200410,23,114.32591,21.74603887919353,0
200411,23,117.15431,26.954113871754302,0
200412,23,100.29359,28.96125038944799,0
200501,23,101.84683,13.773552193468209,0
200502,23,103.95275,15.847121506429662,0
200503,23,122.67677,7.287954441123756,0
200504,23,117.42237,13.836210623955658,0
200505,23,119.35004,9.077811615599508,0
200506,23,125.81209,13.732359957436735,0
200507,23,116.90067,1.5011050446194218,0
200508,23,123.55634,5.491419646130535,0
200509,23,115.37664,-1.5294614969238007,0
200510,23,114.31106,-0.012989181542477635,0
200511,23,118.77078,1.379778516044361,0
200512,23,105.78325,5.473590086863966,0
200601,23,104.3721,2.4794782518022362,0
200602,23,109.1066,4.9578774972283135,0
200603,23,127.12895,3.6291956496735223,0
200604,23,110.34323,-6.028783101550406,0
200605,23,130.89138,9.67016014406028,0
200606,23,120.32687,-4.359851267076165,0
200607,23,121.52704,3.957522228059074,0
200608,23,130.55905,5.667624987920505,0
200609,23,110.3638,-4.34476164325811,0
200610,23,121.30162,6.115383760766457,0
200611,23,118.69499,-0.06381199146793248,0
200612,23,101.13621,-4.392982821004265,0
200701,23,112.68174,7.961552943746453,0
200702,23,111.31638,2.025340355212246,0
200703,23,137.75436,8.35797825750939,0
200704,23,123.13303,11.590924064847474,0
200705,23,144.81435,10.637041186363838,0
200706,23,135.55354,12.654422075468252,0
200707,23,143.77152,18.30414037896424,0
200708,23,152.94137,17.143445820109736,0
200709,23,135.82028,23.065969094938744,0
200710,23,157.74222,30.041313545523952,0
200711,23,146.17353,23.15054746624099,0
200712,23,114.0291,12.748045432985865,0
200801,23,139.30542,23.627324178700103,0
200802,23,138.24454,24.190653702536856,0
200803,23,153.83928,11.676523341983525,0
200804,23,157.11953,27.601448612122994,0
200805,23,154.39435,6.61536650200758,0
200806,23,161.75734,19.330959560333127,0
200807,23,168.14373,16.952043075012348,0
200808,23,168.22193,9.991122742002357,0
200809,23,162.67323,19.770942896009338,0
200810,23,162.58377,3.0692797400721172,0
200811,23,118.77936,-18.740855474996053,0
200812,23,55.80219,-51.06320228783705,0
200901,23,91.73917,-34.14529743350977,0
200902,23,97.21093,-29.681902807879425,0
200903,23,125.79686,-18.228387444351014,0
200904,23,118.96362,-24.2846385805762,0
200905,23,127.40512,-17.48071091979726,0
200906,23,131.78435,-18.529601191513166,0
200907,23,132.98351,-20.91081243410028,0
200908,23,137.76748,-18.103733561967804,0
200909,23,136.08687,-16.34341434051564,0
200910,23,155.53454,-4.335752578501529,0
200911,23,147.15093,23.885942810266016,0
200912,23,128.17831,129.70121781958736,0
201001,23,129.52597,41.189385079459505,0
201002,23,131.90545,35.68993733523587,0
201003,23,170.89878,35.852977570346354,0
201004,23,156.06553,31.187610128205566,0
201005,23,163.31425,28.184997588793912,0
201006,23,160.39404,21.709474607569113,0
201007,23,166.9585,25.548272864808563,0
201008,23,174.0254,26.31819933122097,0
201009,23,162.12594,19.134153059733094,0
201010,23,166.07315,6.775736116235032,0
201011,23,167.26756,13.670746083629925,0
201012,23,143.56102,12.001024198243847,0
201101,23,139.84719,7.968456055569395,0
201102,23,165.37945,25.37726833879872,0
201103,23,170.54977,-0.2042202992906028,0
201104,23,154.86873,-0.7668573579316273,0
201105,23,172.82831,5.825615339751433,0
201106,23,164.11589,2.3204415824927382,0
201107,23,172.2605,3.1756394553137612,0
201108,23,183.88353,5.664765028553309,0
201109,23,151.44954,-6.585250947504139,0
201110,23,155.67074,-6.263751846701293,0
201111,23,159.35273,-4.731838020474499,0
201112,23,145.43104,1.3025959275017485,0
201201,23,102.26335,-26.87493399045058,0
201202,23,120.1718,-27.335711903746194,0
201203,23,157.14247,-7.861224321791815,0
201204,23,133.98541,-13.484529769179353,0
201205,23,144.45494,-16.41708467785168,0
201206,23,131.97301,-19.585477067455216,0
201207,23,148.92853,-13.544585090604066,0
201208,23,162.63717,-11.55424849631721,0
201209,23,140.07279,-7.511907926560902,0
201210,23,160.71699,3.2416175319780915,0
201211,23,150.22401,-5.72862479356332,0
201212,23,122.53855,-15.741130641711699,0
201301,23,145.0682,41.85746897593321,0
201302,23,130.27257,8.405274781604334,0
201303,23,159.41768,1.4478644761024784,0
201304,23,170.95903,27.595258319543902,0
201305,23,166.58707,15.321130589234278,0
201306,23,159.09497,20.551141479610123,0
201307,23,160.52079,7.783773867908317,0
201308,23,169.96932,4.508286758801816,0
201309,23,159.4249,13.81575250982008,0
201310,23,164.47652,2.339223749772801,0
201311,23,147.1181,-2.0675190337416716,0
201312,23,102.78202,-16.122705875008315,0
201401,23,126.12816,-13.055955750467707,0
201402,23,144.76392,11.123868977176098,0
201403,23,136.72061,-14.237486080590312,0
201404,23,133.98463,-21.62763792003265,0
201405,23,133.25308,-20.009950352089145,0
201406,23,101.82421,-35.99784455787635,0
201407,23,125.01451,-22.119427645478197,0
201408,23,129.05795,-24.06985566571661,0
201409,23,139.05077,-12.779766523297177,0
201410,23,141.25427,-14.11888456783984,0
201411,23,126.38273,-14.094370441162575,0
201412,23,90.67936,-11.775075056901974,0
201501,23,102.79266,-18.501419508537975,0
201502,23,100.57781,-30.522874760506635,0
201503,23,119.30652,-12.736989690142542,0
201504,23,102.93962,-23.17057561005319,0
201505,23,99.7437,-25.147171082274422,0
201506,23,91.26001,-10.374939319440823,0
201507,23,100.17239,-19.871389329126675,0
201508,23,95.24791,-26.19756473739122,0
201509,23,84.3684,-39.32547083342294,0
201510,23,92.1073,-34.79326324082097,0
201511,23,82.13856,-35.00808219604055,0
201512,23,62.43509,-31.14740774526861,0
201601,23,70.59813,-31.3198724500368,0
201602,23,70.55385,-29.85147519119774,0
201603,23,90.58972,-24.06976584347612,0
201604,23,81.24866,-21.07153688735203,0
201605,23,83.26787,-16.518166059610785,0
201606,23,87.84063,-3.746854728593596,0
201607,23,86.49188,-13.656966755011036,0
201608,23,88.34822,-7.24392797700234,0
201609,23,85.70441,1.5835431275216916,0
201610,23,85.8237,-6.822043421096913,0
201611,23,91.8943,11.877174374617727,0
201612,23,73.68892,18.024847886020503,0
201701,23,74.39126,5.3728476944077785,0
201702,23,83.97396,19.02108814756389,0
201703,23,100.593,11.042400837534338,0
201704,23,82.21953,1.194936630339516,0
201705,23,106.35596,27.727489606735457,0
201706,23,93.73753,6.713180449639311,0
201707,23,97.48177,12.706267917866976,0
201708,23,113.80741,28.816868070460288,0
201709,23,103.67554,20.96873428100141,0
201710,23,109.49423,27.58041193749512,0
201711,23,109.11141,18.735775777170073,0
201712,23,92.55962,25.608598958975115,0
201801,23,94.46156,26.979379029203155,0
201802,23,98.34234,17.11051854646368,0
201803,23,118.89856,18.197647947670315,0
201804,23,117.12183,42.45013319828026,0
201805,23,93.68938,-11.909609955097956,0
201806,23,119.00865,26.959447299283433,0
201807,23,119.18263,22.26145462890139,0
201808,23,131.29172,15.363068186860595,0
201809,23,107.50146,3.690282201568462,0
201810,23,123.18809,12.506467235762099,0
201811,23,112.24975,2.876271143412046,0
201812,23,81.51677,-11.930526508211681,0
201901,23,91.44496,-3.1934683272222153,0
201902,23,114.60502,16.53680398493671,0
201903,23,103.09869,-13.288529314400444,0
201904,23,118.99353,1.5980795382039448,0
201905,23,128.61057,37.27337079186563,0
201906,23,109.19308,-8.24777862785605,0
201907,23,122.82197,3.053582556451384,0
201908,23,124.25778,-5.357489413650763,0
201909,23,114.91928,6.9002039600206455,0
201910,23,128.28983,4.1414230872481195,0
201911,23,109.6512,-2.314971748266703,0
201912,23,79.29805,-2.721795772820723,0
202001,23,91.02429,-0.4600253529554843,0
202002,23,104.08593,-9.178559543028742,0
202003,23,86.425,-16.172552725936683,0
202004,23,9.39419,-92.10529345587108,0
202005,23,33.39736,-74.03218102524544,0
202006,23,53.80113,-50.728443597341524,0
202007,23,80.60051,-34.37614622204806,0
202008,23,92.61066,-25.468924360309675,0
202009,23,102.39078,-10.902000082144614,0
202010,23,110.21016,-14.092831832421936,0
202011,23,109.77736,0.11505574038406241,0
202012,23,96.61987,21.843941938042622,0
202101,23,95.52522,4.944757053309634,0
202102,23,96.55998,-7.230516170629409,0
202103,23,103.27929,19.501637257737926,0
202104,23,97.5843,938.772901122928,0
202105,23,103.76656,210.70288190443796,0
202106,23,97.12716,80.52996284650527,0
202107,23,100.51319,24.705401988151188,0
202108,23,97.962,5.778319688035927,0
202109,23,93.52197,-8.661727159418076,0
202110,23,93.84251,-14.851307719723838,0
202111,23,96.59856,-12.00502544422638,0
202112,23,88.83741,-8.05472000738564,0
202201,23,78.26064,-18.073321370000517,0
202202,23,91.96582,-4.757830314380762,0
202203,23,104.19834,0.8898686270984335,0
202204,23,91.71367,-6.015957484964285,0
202205,23,101.45514,-2.2275191545330197,0
202206,23,99.37992,2.319392433589118,0
202207,23,99.3436,-1.1636184265965466,0
202208,23,116.74104,19.169718870582475,0
202209,23,113.68107,21.555469800304692,0
202210,23,102.80888,9.55469967715057,0
202211,23,110.58016,14.473921764465224,0
202212,23,89.87175,1.1643067937257445,0
202301,23,80.1898,2.465045008576472,0
202302,23,86.84263,-5.570754438986125,0
202303,23,104.01888,-0.1722292312910212,0
202304,23,85.53866,-6.732922147810683,0
202305,23,104.54321,3.043778757783988,0
202306,23,93.87477,-5.53949932742952,0
202307,23,89.17114,-10.239673214983148,0
202308,23,104.75965,-10.263220200882229,0
202309,23,96.67072,-14.963221229356838,0
202310,23,95.8679,-6.75134288010919,0
202311,23,94.138,-14.868996391396072,0
202312,23,79.71235,-11.304330893745817,0
202401,23,80.1403,-0.06172854901747016,0
202402,23,95.02901,9.426683646038825,0
202403,23,97.51153,-6.255931615491339,0
202404,23,112.55848,31.58784577640099,0
202405,23,98.04415,-6.216625642162699,0
202406,23,100.43804,6.991516463901859,0
202407,23,113.12091,26.85820771159817,0
202408,23,117.91757,12.560103054945305,0
202409,23,115.57512,19.55545588157406,0
202410,23,125.01214,30.400415571844164,0
202411,23,109.28291,16.08798784762795,0
202412,23,89.27406,11.995267985450187,0
202501,23,90.10467,12.433656974081696,0
202502,23,106.44229,12.010311377546712,0
202503,23,100.95049,3.5267214041252437,0
202504,23,108.55659,-3.555387386183606,0
202505,23,109.97108,12.164856342780261,0
202506,23,100.05303,-0.38333085751175444,0
202507,23,114.0614,0.8314024347930049,0
202508,23,115.29988,-2.219932110202061,0
202509,23,114.21929,-1.1731158055470758,0
202510,23,114.06367,-8.75792543028221,0
202511,23,101.08861,-7.498244693520695,0
202512,23,80.55878,-9.762387864963241,0
202601,23,84.4776,-6.245037021943478,0
202602,23,99.69065,-6.343005209677466,0
202603,23,119.86988,18.741256233625016,0
202604,23,110.24307,1.5535491673052793,0
202605,23,118.03209,7.33011806376731,0
202606,23,116.70332,16.641465031094004,0
202607,23,122.71535,7.587097826258482,0
200201,24,61.81587,,0
200202,24,56.04452,,0
200203,24,66.61859,,0
200204,24,74.70428,,0
200205,24,72.37397,,0
200206,24,66.69482,,0
200207,24,74.51285,,0
200208,24,81.45645,,0
200209,24,78.52697,,0
200210,24,86.30059,,0
200211,24,82.08492,,0
200212,24,65.01336,,0
200301,24,76.80254,24.244049303196725,0
200302,24,75.53015,34.76812719602202,0
200303,24,70.80146,6.278832980403837,0
200304,24,75.61722,1.222071881289799,0
200305,24,78.1628,7.998497249770886,0
200306,24,75.0062,12.461807378743961,0
200307,24,77.54706,4.072062738172,0
200308,24,81.92695,0.5776092623727136,0
200309,24,87.6213,11.581154856732656,0
200310,24,94.46053,9.455254013906522,0
200311,24,84.47574,2.9126178109206924,0
200312,24,67.49094,3.8108782564075794,0
200401,24,76.92804,0.16340605401852226,0
200402,24,69.04255,-8.589417603433859,0
200403,24,92.76694,31.0240495040639,0
200404,24,87.67255,15.942572340004023,0
200405,24,91.98433,17.68300265599492,0
200406,24,89.90323,19.86106481864165,0
200407,24,82.11123,5.885677677528989,0
200408,24,91.34343,11.493751445647614,0
200409,24,95.73323,9.25794298874818,0
200410,24,93.33531,-1.1912065282716489,0
200411,24,92.46228,9.45424094538858,0
200412,24,79.5976,17.938200297699236,0
200501,24,77.34019,0.535760432736887,0
200502,24,74.15256,7.401247491583063,0
200503,24,97.67833,5.294332226545362,0
200504,24,91.37191,4.2195191083183925,0
200505,24,95.10782,3.3956761983263917,0
200506,24,100.59736,11.89515660338345,0
200507,24,84.16035,2.4955417182278117,0
200508,24,105.94606,15.986513753643816,0
200509,24,97.02588,1.3502625995174267,0
200510,24,96.28168,3.1567581443721515,0
200511,24,94.53957,2.246635060264568,0
200512,24,86.50518,8.678125973647433,0
200601,24,86.84037,12.283626404331294,0
200602,24,83.96388,13.231262683311273,0
200603,24,97.47245,-0.21077346428834964,0
200604,24,88.27001,-3.3948070035966227,0
200605,24,105.71374,11.151469984276785,0
200606,24,90.71565,-9.823031141175075,0
200607,24,82.64844,-1.7964635365703696,0
200608,24,112.78186,6.452151217327007,0
200609,24,90.45129,-6.776119938309244,0
200610,24,95.21531,-1.1075523401751997,0
200611,24,107.27106,13.466837219589657,0
200612,24,82.44076,-4.698470080057637,0
200701,24,102.19395,17.680233283206892,0
200702,24,87.92778,4.720958583619517,0
200703,24,112.72922,15.652392034877561,0
200704,24,97.71947,10.705176084153623,0
200705,24,117.18739,10.853508730274797,0
200706,24,106.20362,17.073095987296583,0
200707,24,112.65012,36.30035848226538,0
200708,24,140.37722,24.467906452331967,0
200709,24,116.45819,28.75238153043478,0
200710,24,103.93636,9.159293815248827,0
200711,24,101.24752,-5.615251681115119,0
200712,24,81.84611,-0.7213058200822076,0
200801,24,128.34226,25.586945215445734,0
200802,24,119.1441,35.50222694124656,0
200803,24,138.38511,22.758864117040822,0
200804,24,151.22414,54.75333625939642,0
200805,24,145.52188,24.178787495821872,0
200806,24,148.16611,39.51135563928989,0
200807,24,145.39978,29.072015191816924,0
200808,24,162.45563,15.727915113292612,0
200809,24,168.15232,44.38857413119679,0
200810,24,170.44569,63.990436070687885,0
200811,24,175.11887,72.96114512236942,0
200812,24,168.94814,106.42171020711922,0
200901,24,178.71331,39.247438840487916,0
200902,24,152.63261,28.107568901859192,0
200903,24,155.76442,12.558656057721818,0
200904,24,151.98883,0.5056666217443828,0
200905,24,157.40044,8.16273126762792,0
200906,24,150.47733,1.5598843757185676,0
200907,24,155.76176,7.1265444830797,0
200908,24,159.30776,-1.9376798452599098,0
200909,24,163.43702,-2.8041837305604944,0
200910,24,162.17335,-4.8533582750024395,0
200911,24,149.55103,-14.60027694331284,0
200912,24,126.83351,-24.927548773250773,0
201001,24,142.94694,-20.013265939733305,0
201002,24,133.14092,-12.77033132041705,0
201003,24,156.07048,0.19648903132050144,0
201004,24,148.839,-2.0724088737310575,0
201005,24,157.05606,-0.21879227275349855,0
201006,24,145.01251,-3.6316566754606816,0
201007,24,154.2293,-0.9838486673494296,0
201008,24,171.30401,7.530235815254693,0
201009,24,168.34522,3.003113982376826,0
201010,24,168.67297,4.007822493646462,0
201011,24,174.22967,16.501818810609326,0
201012,24,142.46135,12.321538684847555,0
201101,24,159.84003,11.81773460837987,0
201102,24,164.70095,23.704230074420394,0
201103,24,164.90206,5.6587126534114685,0
201104,24,163.23429,9.671719105879495,0
201105,24,177.81167,13.215414928911361,0
201106,24,162.4822,12.047022701696575,0
201107,24,161.90082,4.974100252027358,0
201108,24,194.64996,13.628373322959565,0
201109,24,172.48251,2.4576224973895666,0
201110,24,169.79195,0.6634020851118194,0
201111,24,174.19337,-0.02083456853244625,0
201112,24,144.26069,1.2630373080137147,0
201201,24,188.09243,17.67542210796631,0
201202,24,182.21361,10.63300484909162,0
201203,24,202.41573,22.749060866795713,0
201204,24,178.49438,9.348581110010667,0
201205,24,196.52306,10.523150702088335,0
201206,24,185.78608,14.342420277421141,0
201207,24,150.22315,-7.212854141195835,0
201208,24,213.70541,9.789598723780891,0
201209,24,191.43709,10.98927653592241,0
201210,24,184.36612,8.58354592193562,0
201211,24,179.59436,3.1005715085482333,0
201212,24,129.36831,-10.32324190325168,0
201301,24,173.10961,-7.965668793794622,0
201302,24,165.85785,-8.97614618359187,0
201303,24,183.99604,-9.099930128947985,0
201304,24,196.82445,10.269270102509665,0
201305,24,190.57968,-3.02426595637173,0
201306,24,184.05774,-0.9302849815228331,0
201307,24,176.57262,17.540219333704556,0
201308,24,199.93673,-6.442831746748945,0
201309,24,201.14432,5.070715397940906,0
201310,24,213.94459,16.043332690409716,0
201311,24,198.18476,10.35132729112429,0
201312,24,138.54459,7.093143599077689,0
201401,24,187.32703,8.212958252288827,0
201402,24,186.87041,12.669017474903942,0
201403,24,183.6892,-0.16676445862638944,0
201404,24,194.92597,-0.9645549625567407,0
201405,24,194.48987,2.0517350013390834,0
201406,24,150.77874,-18.080739228896327,0
201407,24,199.01391,12.709382689116811,0
201408,24,193.23788,-3.3504849259063163,0
201409,24,190.03503,-5.5230443494501795,0
201410,24,202.04275,-5.56304789011024,0
201411,24,189.30133,-4.482398142016574,0
201412,24,145.22107,4.81901169868848,0
201501,24,176.07723,-6.005433385667846,0
201502,24,170.69701,-8.654874787292432,0
201503,24,188.65644,2.704154626401545,0
201504,24,166.90742,-14.373944118374792,0
201505,24,174.99267,-10.024789465898653,0
201506,24,174.16102,15.507677010697929,0
201507,24,168.00894,-15.579297949575487,0
201508,24,177.87388,-7.950822064493757,0
201509,24,180.87415,-4.8206270180818915,0
201510,24,168.96886,-16.369748481447623,0
201511,24,150.12923,-20.692987207221414,0
201512,24,113.77195,-21.656031042878276,0
201601,24,135.76918,-22.892255858409392,0
201602,24,133.61977,-21.7210834565878,0
201603,24,151.67135,-19.604467252747916,0
201604,24,127.35688,-23.696094517547508,0
201605,24,145.59456,-16.799623664236908,0
201606,24,147.71746,-15.183397524888187,0
201607,24,134.08064,-20.194342039179592,0
201608,24,156.24136,-12.16171817919529,0
201609,24,140.55606,-22.290686645935853,0
201610,24,128.78492,-23.781861344155374,0
201611,24,122.40728,-18.46539144975299,0
201612,24,91.02374,-19.9945680811483,0
201701,24,124.11502,-8.583803776379884,0
201702,24,117.87332,-11.784521107916879,0
201703,24,137.12664,-9.589622562204381,0
201704,24,110.5075,-13.230050861798759,0
201705,24,131.34477,-9.78730936100909,0
201706,24,115.60263,-21.740713657004385,0
201707,24,112.49678,-16.097670774841166,0
201708,24,132.46677,-15.216579015953258,0
201709,24,120.62965,-14.176841610386637,0
201710,24,121.58837,-5.588037792002353,0
201711,24,122.50363,0.07871263866006117,0
201712,24,102.5668,12.681373013238083,0
201801,24,116.02847,-6.5153677612911025,0
201802,24,113.53805,-3.6779060774736916,0
201803,24,128.24068,-6.480112106589941,0
201804,24,126.44926,14.425952989616086,0
201805,24,128.07109,-2.4924327021167314,0
201806,24,98.88347,-14.462612139533505,0
201807,24,118.57225,5.400572354159827,0
201808,24,138.00349,4.179704842203069,0
201809,24,122.96286,1.9341927958839378,0
201810,24,129.70912,6.678887133695444,0
201811,24,113.51924,-7.333978593124146,0
201812,24,82.83073,-19.24216218113464,0
201901,24,105.90501,-8.724979308957526,0
201902,24,114.62019,0.9531077907362295,0
201903,24,100.03144,-21.997107314153354,0
201904,24,110.51205,-12.603640385084102,0
201905,24,113.9354,-11.037377756369526,0
201906,24,87.61404,-11.396677321295456,0
201907,24,105.07396,-11.384021134793343,0
201908,24,125.42135,-9.117262179384012,0
201909,24,113.43023,-7.752446551747427,0
201910,24,128.6541,-0.8133738013179181,0
201911,24,110.86857,-2.334996252617605,0
201912,24,79.33946,-4.214945346974486,0
202001,24,101.35857,-4.292941382093263,0
202002,24,86.67541,-24.380329503903276,0
202003,24,89.59924,-10.428921147191328,0
202004,24,20.76339,-81.21165067519786,0
202005,24,32.96426,-71.06758742234635,0
202006,24,73.2709,-16.370823671639844,0
202007,24,87.85125,-16.391035419241838,0
202008,24,88.1074,-29.750875748028548,0
202009,24,91.67826,-19.176519345856924,0
202010,24,86.30396,-32.91783161205123,0
202011,24,90.46245,-18.405685218092017,0
202012,24,69.22845,-12.743986409789033,0
202101,24,63.84497,-37.010782610686,0
202102,24,66.98906,-22.71272786595414,0
202103,24,104.06034,16.139757435442537,0
202104,24,98.72676,375.4847835541306,0
202105,24,96.22617,191.9106025738178,0
202106,24,100.56256,37.2476112617697,0
202107,24,88.23832,0.44059703191474675,0
202108,24,102.38737,16.20745817036935,0
202109,24,92.14172,0.505528791667742,0
202110,24,90.64817,5.033616070456093,0
202111,24,91.65858,1.3222392274363504,0
202112,24,67.69333,-2.2174698407952054,0
202201,24,83.28701,30.451952597048738,0
202202,24,104.16373,55.49364329041191,0
202203,24,100.34074,-3.574464584682313,0
202204,24,87.94937,-10.916381738851754,0
202205,24,100.10876,4.034858708395039,0
202206,24,98.06171,-2.4868599208293873,0
202207,24,94.59666,7.205871553311538,0
202208,24,113.35529,10.71218061368311,0
202209,24,113.7518,23.4530894365766,0
202210,24,112.04038,23.59916366761734,0
202211,24,108.88563,18.79480349793767,0
202212,24,83.45886,23.28963577356882,0
202301,24,105.77534,27.001005318836647,0
202302,24,101.8556,-2.2158672697300763,0
202303,24,112.31268,11.93128533833816,0
202304,24,95.41135,8.48440415207068,0
202305,24,114.42999,14.305671152055034,0
202306,24,98.65634,0.6063834701638404,0
202307,24,103.98443,9.923997316607158,0
202308,24,122.21151,7.812798149958433,0
202309,24,114.4619,0.6242538579609214,0
202310,24,110.73319,-1.1667132867632213,0
202311,24,109.72093,0.7671352041586976,0
202312,24,92.32417,10.622371309648848,0
202401,24,110.82887,4.777606954513214,0
202402,24,111.77552,9.739199415643318,0
202403,24,120.92282,7.666222549404034,0
202404,24,124.68223,30.678614231954594,0
202405,24,124.75213,9.020484927071992,0
202406,24,108.31733,9.792568830345827,0
202407,24,122.36741,17.67858899644881,0
202408,24,141.19792,15.535697087778399,0
202409,24,119.51955,4.418631876633183,0
202410,24,123.06656,11.137916283275139,0
202411,24,118.08617,7.624105993268548,0
202412,24,90.31479,-2.176439820688336,0
202501,24,111.91731,0.9820906772757043,0
202502,24,122.27678,9.394955174442487,0
202503,24,113.5892,-6.064711358865093,0
202504,24,127.29414,2.0948534526531892,0
202505,24,127.20653,1.9674213177762967,0
202506,24,119.30656,10.145403325580492,0
202507,24,122.99248,0.5108141130060639,0
202508,24,133.74407,-5.279008359329951,0
202509,24,131.19103,9.765331278439394,0
202510,24,133.38924,8.387883759812587,0
202511,24,115.63288,-2.0775421880479317,0
202512,24,93.92137,3.993343725872567,0
202601,24,115.15464,2.8926088377213555,0
202602,24,109.41556,-10.518121265541991,0
202603,24,126.44704,11.319597285657434,0
202604,24,117.28381,-7.863936234613778,0
202605,24,123.05308,-3.2651232605747538,0
202606,24,105.10381,-11.9044166557145,0
202607,24,125.04441,1.6683377715450476,0
200201,25,134.02874,,0
200202,25,114.46782,,0
200203,25,134.97946,,0
200204,25,145.59466,,0
200205,25,136.07957,,0
200206,25,124.92651,,0
200207,25,139.08227,,0
200208,25,140.1594,,0
200209,25,147.35737,,0
200210,25,176.71021,,0
200211,25,165.47151,,0
200212,25,138.75922,,0
200301,25,119.08198,-11.151906673150847,0
200302,25,114.26159,-0.1801641719043845,0
200303,25,108.31091,-19.757487546623754,0
200304,25,118.89967,-18.335143610349448,0
200305,25,123.25637,-9.423310200054269,0
200306,25,112.21522,-10.175014094286306,0
200307,25,126.20352,-9.259807163055356,0
200308,25,126.33973,-9.859966580907164,0
200309,25,135.78575,-7.85275958711803,0
200310,25,159.88099,-9.523626280564091,0
200311,25,155.11475,-6.258938472248188,0
200312,25,136.74828,-1.44922982415151,0
200401,25,122.56059,2.921189251304024,0
200402,25,109.41507,-4.241600348813623,0
200403,25,137.2201,26.69093076588498,0
200404,25,124.54689,4.749567429413393,0
200405,25,131.35871,6.573566948304577,0
200406,25,123.13375,9.729990281175759,0
200407,25,129.2542,2.4172701363638582,0
200408,25,134.38502,6.367980998534661,0
200409,25,130.80658,-3.6669311765041734,0
200410,25,138.73661,-13.225074475708453,0
200411,25,150.87704,-2.7319839022401093,0
200412,25,135.89144,-0.6265819211766388,0
200501,25,112.64878,-8.087273404933837,0
200502,25,108.24275,-1.0714429008727988,0
200503,25,135.17333,-1.4915963477653893,0
200504,25,132.40813,6.311871777769795,0
200505,25,145.17488,10.517894093204783,0
200506,25,141.18454,14.659498309764786,0
200507,25,129.18024,-0.05722057774525391,0
200508,25,134.5719,0.1390631187910607,0
200509,25,121.69938,-6.9623408852979685,0
200510,25,137.53279,-0.8677017551459665,0
200511,25,160.34605,6.275978107735947,0
200512,25,149.70701,10.166622710010298,0
200601,25,118.78428,5.446574743197385,0
200602,25,112.50518,3.937843412145381,0
200603,25,143.04541,5.823693179712319,0
200604,25,122.13167,-7.761200161953797,0
200605,25,144.37763,-0.549165255035855,0
200606,25,135.16029,-4.266933192543599,0
200607,25,128.98657,-0.14992231009943735,0
200608,25,155.78619,15.76427916972265,0
200609,25,157.46362,29.387364175561114,0
200610,25,170.08528,23.668893796163083,0
200611,25,188.58527,17.61142229571606,0
200612,25,161.76437,8.053971554171046,0
200701,25,135.79179,14.317980460040669,0
200702,25,129.03649,14.693821208943447,0
200703,25,157.33872,9.992148647062482,0
200704,25,144.56607,18.369027460281174,0
200705,25,155.31593,7.576173677321063,0
200706,25,137.34832,1.6188408592494152,0
200707,25,146.97798,13.948281592416944,0
200708,25,159.47549,2.3681816725859894,0
200709,25,147.32421,-6.439207989756612,0
200710,25,173.34619,1.9172205848736468,0
200711,25,175.50926,-6.933738780340581,0
200712,25,157.09562,-2.8861423563174116,0
200801,25,141.74174,4.381671380869201,0
200802,25,138.68801,7.479682685107147,0
200803,25,134.56646,-14.473398537880556,0
200804,25,148.92374,3.0143103426689244,0
200805,25,144.28783,-7.100430715638762,0
200806,25,143.13594,4.213826568828805,0
200807,25,151.58632,3.135394839417449,0
200808,25,150.56159,-5.589510964976507,0
200809,25,161.31834,9.498866479582691,0
200810,25,165.68988,-4.416774317335747,0
200811,25,154.00831,-12.250607175940464,0
200812,25,136.58308,-13.05735958774662,0
200901,25,117.54346,-17.072091819953673,0
200902,25,112.0199,-19.228850424777157,0
200903,25,129.37076,-3.8610661230146226,0
200904,25,122.51179,-17.735218038440347,0
200905,25,127.97399,-11.306455991472053,0
200906,25,131.72677,-7.970863222751756,0
200907,25,142.24711,-6.160984711549178,0
200908,25,150.43498,-0.0840918324520934,0
200909,25,151.44467,-6.120612200695841,0
200910,25,170.25188,2.753336534494455,0
200911,25,166.66087,8.215504734776967,0
200912,25,159.93271,17.095550927684442,0
201001,25,144.22325,22.697808963595257,0
201002,25,142.73582,27.420056614940712,0
201003,25,177.35118,37.087530443509806,0
201004,25,145.23273,18.54592117215821,0
201005,25,151.58927,18.45318724531446,0
201006,25,131.88409,0.11942902722050786,0
201007,25,149.9764,5.433706175120201,0
201008,25,155.95318,3.668162816919307,0
201009,25,165.60058,9.347248734471814,0
201010,25,167.34532,-1.707211691289412,0
201011,25,184.48766,10.696446022392681,0
201012,25,171.84821,7.450320825552192,0
201101,25,140.90012,-2.304156923380951,0
201102,25,150.09083,5.152883137533393,0
201103,25,145.63194,-17.884989544473296,0
201104,25,140.11211,-3.525803033517305,0
201105,25,159.03667,4.912880707189893,0
201106,25,151.20799,14.652184353700282,0
201107,25,157.57103,5.063883384319134,0
201108,25,171.2452,9.805519836145704,0
201109,25,171.70523,3.6863699390424776,0
201110,25,172.37559,3.0059221255784196,0
201111,25,184.40248,-0.04617110976420369,0
201112,25,174.77769,1.7046904358212434,0
201201,25,154.21582,9.450453271437965,0
201202,25,149.18231,-0.6053134625213397,0
201203,25,172.71601,18.597616704137863,0
201204,25,155.59613,11.051164670919578,0
201205,25,178.91971,12.502173240926151,0
201206,25,163.92376,8.40945640504842,0
201207,25,167.39115,6.232186208340451,0
201208,25,180.15444,5.202621737718771,0
201209,25,162.52664,-5.345550627665807,0
201210,25,190.38508,10.447819206884223,0
201211,25,192.84539,4.578523022033121,0
201212,25,161.44686,-7.627306437108771,0
201301,25,165.35758,7.224784072088064,0
201302,25,146.28371,-1.942991766248947,0
201303,25,171.86327,-0.4937237723358745,0
201304,25,179.31549,15.244183772437037,0
201305,25,168.72673,-5.696957590642193,0
201306,25,156.63686,-4.445298228883954,0
201307,25,168.0121,0.3709574849088515,0
201308,25,180.59697,0.24563924153075956,0
201309,25,178.91072,10.08085812885815,0
201310,25,193.82986,1.8093749783334,0
201311,25,190.73516,-1.0942600183494133,0
201312,25,163.60363,1.335900865461248,0
201401,25,154.8097,-6.378830652940149,0
201402,25,158.73751,8.513456488080573,0
201403,25,151.65768,-11.756782004671507,0
201404,25,151.72193,-15.388274599143681,0
201405,25,151.64806,-10.122089131935418,0
201406,25,134.35616,-14.224429677663364,0
201407,25,156.98378,-6.564003425943731,0
201408,25,158.91566,-12.005356457530825,0
201409,25,171.89607,-3.9207544410977624,0
201410,25,184.33262,-4.899781695142325,0
201411,25,181.81562,-4.676400512627044,0
201412,25,155.92999,-4.690384926055735,0
201501,25,147.27217,-4.868900333764614,0
201502,25,133.09143,-16.156282154104584,0
201503,25,158.16199,4.28881016774092,0
201504,25,141.61691,-6.6602237395741,0
201505,25,139.31037,-8.135738762500477,0
201506,25,128.1231,-4.639206717429256,0
201507,25,130.54422,-16.842224082003888,0
201508,25,128.01741,-19.44317507789981,0
201509,25,135.51376,-21.165294820294623,0
201510,25,139.34142,-24.40761705660126,0
201511,25,141.92318,-21.941151150819714,0
201512,25,125.67576,-19.402444648396376,0
201601,25,118.66094,-19.427451907580362,0
201602,25,124.58369,-6.392402576183908,0
201603,25,131.35201,-16.950962743956367,0
201604,25,122.14872,-13.747080062684603,0
201605,25,114.1908,-18.031371246806682,0
201606,25,114.95963,-10.274080161969223,0
201607,25,113.17294,-13.306816648029308,0
201608,25,130.12481,1.6461823434796852,0
201609,25,123.86425,-8.596551376037375,0
201610,25,126.7313,-9.04980012404064,0
201611,25,136.69601,-3.6830981380208683,0
201612,25,125.12418,-0.43889131842130835,0
201701,25,114.3396,-3.6417543970239885,0
201702,25,110.26061,-11.496753708290386,0
201703,25,122.14684,-7.008016093548941,0
201704,25,110.33763,-9.66943411277662,0
201705,25,123.08695,7.790601344416537,0
201706,25,117.68959,2.374711887990588,0
201707,25,131.34848,16.059969812571808,0
201708,25,145.67006,11.946415137897226,0
201709,25,135.63834,9.50564024728684,0
201710,25,149.56721,18.019155488817674,0
201711,25,154.968,13.366878813800053,0
201712,25,132.72886,6.077706163588847,0
201801,25,127.24034,11.28282764676456,0
201802,25,117.4179,6.491248325217858,0
201803,25,127.46776,4.356166725230071,0
201804,25,122.37741,10.911762378800404,0
201805,25,109.01312,-11.434055356802652,0
201806,25,122.80601,4.347385354983402,0
201807,25,126.40894,-3.7606373518749514,0
201808,25,141.3667,-2.9541828979819162,0
201809,25,123.43279,-8.99859877376854,0
201810,25,143.07151,-4.342997372218149,0
201811,25,151.82922,-2.0254375096794175,0
201812,25,115.32811,-13.109997328388111,0
201901,25,124.48296,-2.1670643130944134,0
201902,25,118.20814,0.6730149321355627,0
201903,25,111.04105,-12.886952747894842,0
201904,25,119.73313,-2.160758264127338,0
201905,25,123.24182,13.05228214732319,0
201906,25,114.28399,-6.939416075809312,0
201907,25,131.90935,4.351282433030446,0
201908,25,133.49852,-5.565794490498821,0
201909,25,137.11386,11.083821405965132,0
201910,25,150.75631,5.371299988376466,0
201911,25,149.46816,-1.5550761572772243,0
201912,25,115.07776,-0.2170763051609903,0
202001,25,122.16822,-1.8594834184534226,0
202002,25,120.3581,1.8187918361628919,0
202003,25,95.12026,-14.337751669315079,0
202004,25,49.43876,-58.70920604848466,0
202005,25,77.6734,-36.974802871298074,0
202006,25,112.12142,-1.8922772997337578,0
202007,25,143.18875,8.55087224673612,0
202008,25,150.74485,12.918742469953969,0
202009,25,150.622,9.851768449958321,0
202010,25,159.91322,6.073981248280735,0
202011,25,155.17051,3.8150934620456933,0
202012,25,133.8506,16.31317815014821,0
202101,25,131.65719,7.767134529749242,0
202102,25,126.3484,4.977064277352339,0
202103,25,129.09099,35.713453684840644,0
202104,25,103.2372,108.81834414940825,0
202105,25,114.67135,47.63271596196381,0
202106,25,111.99956,-0.10868574443669843,0
202107,25,121.8051,-14.933889708514114,0
202108,25,127.8711,-15.173818541727968,0
202109,25,118.71509,-21.183432699074512,0
202110,25,122.13961,-23.621317862275546,0
202111,25,126.49156,-18.482216756263803,0
202112,25,98.51847,-26.39669153518923,0
202201,25,83.81641,-36.3373849920388,0
202202,25,88.81079,-29.709604553757707,0
202203,25,99.05428,-23.267859360285325,0
202204,25,91.61455,-11.25819956372316,0
202205,25,105.17749,-8.27919092258005,0
202206,25,102.34464,-8.620498151957035,0
202207,25,104.17643,-14.472850479988109,0
202208,25,111.28828,-12.968387696672668,0
202209,25,104.81823,-11.706060282648146,0
202210,25,102.33583,-16.214052099887986,0
202211,25,111.62221,-11.755211177726022,0
202212,25,94.94085,-3.631420585398859,0
202301,25,91.42212,9.074249302732017,0
202302,25,86.46688,-2.639217599573196,0
202303,25,104.06212,5.0556523150740995,0
202304,25,88.48306,-3.418114262417926,0
202305,25,99.86304,-5.052839728348724,0
202306,25,94.01441,-8.13939059241402,0
202307,25,93.58026,-10.171369857845969,0
202308,25,110.4179,-0.7820949339858552,0
202309,25,100.1136,-4.488370009682474,0
202310,25,110.84855,8.318415944835756,0
202311,25,112.59353,0.8701852435998303,0
202312,25,90.12026,-5.077466654237872,0
202401,25,92.14759,0.793538806582017,0
202402,25,91.06371,5.316289890418147,0
202403,25,96.92359,-6.8598736985177595,0
202404,25,105.24445,18.943049663969582,0
202405,25,107.02498,7.171762445845831,0
202406,25,107.23497,14.062269815871842,0
202407,25,118.78955,26.938683436015264,0
202408,25,119.64906,8.360202467172439,0
202409,25,116.02711,15.895452765658202,0
202410,25,127.86135,15.34778758946327,0
202411,25,120.90825,7.384722727851223,0
202412,25,95.25402,5.696565899832073,0
202501,25,100.06131,8.588092211635722,0
202502,25,100.71818,10.601885207620022,0
202503,25,98.63565,1.7664017603970184,0
202504,25,100.35263,-4.648055075588308,0
202505,25,106.83377,-0.1786592251640684,0
202506,25,103.45587,-3.5241302347545744,0
202507,25,116.71207,-1.7488743748924063,0
202508,25,112.78235,-5.73904216213651,0
202509,25,115.18371,-0.7268990841881595,0
202510,25,122.5991,-4.1155908333519005,0
202511,25,113.74872,-5.921456972539085,0
202512,25,90.25544,-5.247631543529607,0
202601,25,92.64878,-7.407988162457602,0
202602,25,94.0649,-6.605838191277891,0
202603,25,108.92379,10.43044781476068,0
202604,25,99.26164,-1.0871563605258872,0
202605,25,102.7078,-3.862046616907744,0
202606,25,103.49498,0.03780355817413206,0
202607,25,109.02155,-6.589309914561525,0
200201,26,103.77091,,0
200202,26,90.41531,,0
200203,26,95.9266,,0
200204,26,98.29857,,0
200205,26,97.50967,,0
200206,26,90.82665,,0
200207,26,110.06362,,0
200208,26,116.57557,,0
200209,26,120.90801,,0
200210,26,132.78993,,0
200211,26,120.15071,,0
200212,26,99.08329,,0
200301,26,90.87923,-12.423211861590111,0
200302,26,87.16495,-3.5949221431635814,0
200303,26,92.36912,-3.7085438241322044,0
200304,26,93.35439,-5.029757808277379,0
200305,26,99.28627,1.8219731437917996,0
200306,26,95.90098,5.586829416256145,0
200307,26,103.94788,-5.556549929940524,0
200308,26,105.92179,-9.138947379798356,0
200309,26,125.92076,4.1459205225526485,0
200310,26,135.40372,1.9683646192147242,0
200311,26,119.37327,-0.6470540207377917,0
200312,26,98.84299,-0.24252323474523996,0
200401,26,99.13405,9.083285586816704,0
200402,26,91.9281,5.464524444745278,0
200403,26,118.95703,28.78441409856456,0
200404,26,106.4651,14.044020854295125,0
200405,26,111.23353,12.033144159811826,0
200406,26,117.10934,22.11485221527454,0
200407,26,121.11297,16.513169869361466,0
200408,26,130.77507,23.463802868135055,0
200409,26,122.86809,-2.424278570110283,0
200410,26,128.19341,-5.325045722525202,0
200411,26,131.09696,9.821034474468181,0
200412,26,114.23716,15.57436698343504,0
200501,26,114.26704,15.26517881595677,0
200502,26,102.67646,11.692137659758007,0
200503,26,124.01239,4.2497362282834406,0
200504,26,109.50158,2.8520895579866146,0
200505,26,104.16205,-6.357327687074221,0
200506,26,122.15624,4.309562328675054,0
200507,26,122.66568,1.2820344509758108,0
200508,26,143.26207,9.5484559862977,0
200509,26,140.5082,14.356949798763852,0
200510,26,130.02078,1.4254788916216565,0
200511,26,132.88766,1.3659355640283533,0
200512,26,121.33199,6.210614829710415,0
200601,26,116.91915,2.3209754973962715,0
200602,26,102.75746,0.07888857874529531,0
200603,26,131.71296,6.209516645877078,0
200604,26,99.56608,-9.073385059832017,0
200605,26,122.28375,17.397603061767697,0
200606,26,118.27068,-3.1808117211204245,0
200607,26,124.59366,1.5717354683070228,0
200608,26,138.4397,-3.3661177728340874,0
200609,26,122.36229,-12.914484706230656,0
200610,26,137.89604,6.05692413166572,0
200611,26,130.33746,-1.9190645692760522,0
200612,26,115.02738,-5.196164671823156,0
200701,26,117.82145,0.7717298663221461,0
200702,26,101.61224,-1.1144884274095435,0
200703,26,128.01398,-2.808364491998361,0
200704,26,107.72659,8.196074406062781,0
200705,26,120.6817,-1.3101086612080426,0
200706,26,117.01267,-1.0636702181808677,0
200707,26,130.16512,4.47170425846708,0
200708,26,135.39085,-2.2022945730162613,0
200709,26,123.9946,1.3339975902706636,0
200710,26,137.18232,-0.5175783147942425,0
200711,26,131.77648,1.1040724592914497,0
200712,26,104.67793,-8.99737958040946,0
200801,26,117.45168,-0.31383928817715345,0
200802,26,104.35229,2.6965747433576936,0
200803,26,120.00265,-6.258168053207935,0
200804,26,117.93093,9.472443154470955,0
200805,26,112.36433,-6.891989423417144,0
200806,26,126.63835,8.22618610446202,0
200807,26,138.37336,6.30602115221035,0
200808,26,131.49536,-2.877218069020171,0
200809,26,137.35233,10.772832042685732,0
200810,26,145.48277,6.050670377932077,0
200811,26,122.32734,-7.17058157874606,0
200812,26,101.9659,-2.5908326616699395,0
200901,26,90.81231,-22.681131508719165,0
200902,26,83.84439,-19.652563446379556,0
200903,26,111.26923,-7.277689284361644,0
200904,26,96.81518,-17.905183992019737,0
200905,26,100.32005,-10.718953247885699,0
200906,26,109.81712,-13.282887845585478,0
200907,26,120.45989,-12.94575054042194,0
200908,26,122.33359,-6.967371320174342,0
200909,26,140.10239,2.0021939198265004,0
200910,26,139.2626,-4.275537233721904,0
200911,26,131.4313,7.442293766871733,0
200912,26,110.29212,8.16569068678843,0
201001,26,104.28504,14.83579704117206,0
201002,26,101.42495,20.968081466154143,0
201003,26,132.09426,18.715892974185234,0
201004,26,115.9015,19.714181185223232,0
201005,26,129.98211,29.56742944207067,0
201006,26,129.47028,17.89626244068321,0
201007,26,133.30377,10.662370686209321,0
201008,26,142.43531,16.431889230096154,0
201009,26,135.72037,-3.127726800377928,0
201010,26,138.36656,-0.6434175435472311,0
201011,26,132.46019,0.7828348346246461,0
201012,26,116.75259,5.857598892831151,0
201101,26,117.11662,12.30433435131253,0
201102,26,130.33678,28.505638898515606,0
201103,26,127.94187,-3.143505251477241,0
201104,26,116.66415,0.6580156425930683,0
201105,26,130.43938,0.3517945661906774,0
201106,26,145.7475,12.572167141370194,0
201107,26,129.61622,-2.766275852513389,0
201108,26,142.60066,0.11608778750158422,0
201109,26,127.71271,-5.900116541091071,0
201110,26,128.23191,-7.324493721604409,0
201111,26,123.50175,-6.7631187906343815,0
201112,26,112.61572,-3.543278997065502,0
201201,26,100.53845,-14.155266775970821,0
201202,26,99.23897,-23.859581309282007,0
201203,26,118.12002,-7.676806662275604,0
201204,26,118.75037,1.7882271460427202,0
201205,26,128.42646,-1.543184274564946,0
201206,26,118.06489,-18.99354019794507,0
201207,26,123.49813,-4.720157708657135,0
201208,26,139.87509,-1.9113305646692003,0
201209,26,117.49897,-7.9974342412748145,0
201210,26,133.18211,3.8603495806932786,0
201211,26,122.84312,-0.5332960868975611,0
201212,26,98.59535,-12.44974502671563,0
201301,26,101.2655,0.7231561656261931,0
201302,26,109.52508,10.364990688637743,0
201303,26,111.85437,-5.3044775982936665,0
201304,26,124.95894,5.228253183547982,0
201305,26,125.71539,-2.110990211830177,0
201306,26,124.61077,5.544307033191664,0
201307,26,134.14204,8.618681108774684,0
201308,26,141.96506,1.4941688330638359,0
201309,26,150.74571,28.295345908138604,0
201310,26,154.5832,16.06904260639812,0
201311,26,140.29498,14.206623863021406,0
201312,26,110.34781,11.919892773847863,0
201401,26,105.70069,4.379764085498006,0
201402,26,113.27716,3.4257724349527896,0
201403,26,106.35209,-4.919146207698455,0
201404,26,112.11347,-10.279752693164646,0
201405,26,113.00405,-10.111204364079839,0
201406,26,113.17754,-9.175153961411208,0
201407,26,131.35662,-2.0764705829731,0
201408,26,127.37689,-10.27588760220296,0
201409,26,141.42521,-6.182928854161096,0
201410,26,141.00904,-8.781135336828328,0
201411,26,144.03195,2.6636519710113493,0
201412,26,104.41827,-5.3735003893597755,0
201501,26,106.51465,0.7700611982760064,0
201502,26,102.71625,-9.323070952696899,0
201503,26,130.87628,23.059433998899316,0
201504,26,115.54893,3.064270510938605,0
201505,26,125.59384,11.141007778039814,0
201506,26,119.0779,5.2133665389793915,0
201507,26,117.67423,-10.416216556120272,0
201508,26,116.94554,-8.18935836791117,0
201509,26,122.98027,-13.042186750155782,0
201510,26,124.75776,-11.524991589191725,0
201511,26,114.60023,-20.434160615057984,0
201512,26,91.21301,-12.646503337011817,0
201601,26,87.86753,-17.5066246755728,0
201602,26,93.74755,-8.731529821230822,0
201603,26,110.59946,-15.493120678552309,0
201604,26,100.33831,-13.163791304687978,0
201605,26,103.01807,-17.975220759234688,0
201606,26,110.58543,-7.131860739902196,0
201607,26,105.27095,-10.540353652622159,0
201608,26,114.19245,-2.3541641690653647,0
201609,26,120.66365,-1.883733057343262,0
201610,26,112.45321,-9.862753226733156,0
201611,26,118.63335,3.5192948565635485,0
201612,26,91.35766,0.15858483345740915,0
201701,26,91.83798,4.518677149568218,0
201702,26,91.84002,-2.0347518415148036,0
201703,26,112.84447,2.029856203637892,0
201704,26,104.0593,3.708443963227981,0
201705,26,115.44895,12.066698589868752,0
201706,26,116.32325,5.18858587428741,0
201707,26,112.29879,6.67595381251902,0
201708,26,130.68076,14.439054420848318,0
201709,26,117.33136,-2.7616353392260207,0
201710,26,121.96372,8.45730415343413,0
201711,26,108.34134,-8.675477848345336,0
201712,26,97.51515,6.739982175550474,0
201801,26,88.7496,-3.3628570663248536,0
201802,26,96.52653,5.1029061187051195,0
201803,26,109.08537,-3.331222167998138,0
201804,26,107.3894,3.2001945044796587,0
201805,26,123.89201,7.313241047233432,0
201806,26,105.79599,-9.050005050581033,0
201807,26,122.54827,9.126972783945408,0
201808,26,125.49989,-3.9645239283885414,0
201809,26,119.06683,1.4791186260859845,0
201810,26,130.86647,7.299506771357911,0
201811,26,108.3414,5.538052232356705e-05,0
201812,26,87.1033,-10.677161446195793,0
201901,26,95.83226,7.980497940272402,0
201902,26,104.91803,8.693464895091552,0
201903,26,106.74761,-2.1430554803086865,0
201904,26,118.28806,10.148729762900267,0
201905,26,117.74185,-4.964129648070125,0
201906,26,107.8356,1.9278708011522872,0
201907,26,120.09348,-2.0031208926898803,0
201908,26,121.65195,-3.066090336812244,0
201909,26,121.52081,2.061010610595737,0
201910,26,131.74914,0.674481400774396,0
201911,26,120.98623,11.671281707639004,0
201912,26,100.76839,15.688372311956034,0
202001,26,96.92901,1.1444476004218274,0
202002,26,99.02261,-5.619072336756615,0
202003,26,101.41966,-4.99116561017151,0
202004,26,64.4281,-45.532879649898724,0
202005,26,58.35011,-50.44233634854557,0
202006,26,75.89543,-29.619318666562798,0
202007,26,101.36172,-15.597649431093174,0
202008,26,109.9555,-9.6146835295283,0
202009,26,111.26736,-8.437608340497405,0
202010,26,118.97676,-9.694469352892943,0
202011,26,114.44283,-5.40838407808889,0
202012,26,95.67594,-5.053618500801694,0
202101,26,102.33049,5.5726144319435456,0
202102,26,97.76096,-1.274102954870615,0
202103,26,119.53918,17.86588517453125,0
202104,26,102.41577,58.96133829804076,0
202105,26,105.75754,81.24651350271664,0
202106,26,104.8234,38.11556242582721,0
202107,26,104.57902,3.174077945796494,0
202108,26,110.06796,0.10227773963102926,0
202109,26,109.11282,-1.9363630088823913,0
202110,26,111.57795,-6.218701870852761,0
202111,26,105.17804,-8.095561775254955,0
202112,26,91.35115,-4.520248246319813,0
202201,26,86.38808,-15.579335152211227,0
202202,26,96.8932,-0.8876344913143264,0
202203,26,106.65278,-10.78006390875359,0
202204,26,96.15042,-6.117563730663744,0
202205,26,107.42991,1.581324603427814,0
202206,26,99.54773,-5.032912498545173,0
202207,26,103.66171,-0.8771453394763151,0
202208,26,116.76201,6.08174258885148,0
202209,26,106.9332,-1.9975837852967193,0
202210,26,101.46507,-9.063511204498742,0
202211,26,106.29241,1.0595082395526756,0
202212,26,71.82344,-21.376534395024038,0
202301,26,81.04133,-6.189221938952693,0
202302,26,84.72241,-12.561036274991434,0
202303,26,98.25583,-7.8731656127482115,0
202304,26,88.38635,-8.074920525568174,0
202305,26,107.41738,-0.01166341850236119,0
202306,26,98.10332,-1.4509723124776497,0
202307,26,93.37238,-9.925873304617483,0
202308,26,97.06134,-16.872499882453205,0
202309,26,93.98574,-12.107988912704371,0
202310,26,94.26862,-7.092539333979664,0
202311,26,87.10782,-18.04888044216891,0
202312,26,74.30373,3.4533155192789433,0
202401,26,77.50089,-4.368684472478435,0
202402,26,81.17116,-4.191630053960926,0
202403,26,85.35029,-13.134630280971626,0
202404,26,97.41155,10.211078973167243,0
202405,26,95.22396,-11.351440521077683,0
202406,26,91.21839,-7.018039756452687,0
202407,26,111.5744,19.49400882787822,0
202408,26,100.02952,3.0580455617035707,0
202409,26,96.37477,2.541906889279155,0
202410,26,106.00556,12.450527015246426,0
202411,26,97.84462,12.32587384232553,0
202412,26,69.5669,-6.374955873682242,0
202501,26,84.71412,9.30728666470797,0
202502,26,87.69529,8.037497554550166,0
202503,26,86.92484,1.8448091974848646,0
202504,26,92.68661,-4.850492575059118,0
202505,26,95.92228,0.7333448430415945,0
202506,26,92.72136,1.6476611788478257,0
202507,26,105.5947,-5.35938351449794,0
202508,26,108.86417,8.832042780971051,0
202509,26,105.80602,9.786015572332897,0
202510,26,119.95315,13.157413630002047,0
202511,26,97.13432,-0.7259469146080888,0
202512,26,82.3625,18.393230113746604,0
202601,26,81.71391,-3.541570165634722,0
202602,26,84.86549,-3.2268551708991455,0
202603,26,99.02458,13.919772529923558,0
202604,26,89.62988,-3.297919731879284,0
202605,26,93.02409,-3.0213939868818818,0
202606,26,97.86249,5.544709439119511,0
202607,26,92.97438,-11.9516604526553,0
200201,27,,,1
200202,27,,,1
200203,27,,,1
200204,27,,,1
200205,27,,,1
200206,27,,,1
200207,27,,,1
200208,27,,,1
200209,27,,,1
200210,27,,,1
200211,27,,,1
200212,27,,,1
200301,27,,,1
200302,27,,,1
200303,27,,,1
200304,27,,,1
200305,27,,,1
200306,27,,,1
200307,27,,,1
200308,27,,,1
200309,27,,,1
200310,27,,,1
200311,27,,,1
200312,27,,,1
200401,27,,,1
200402,27,,,1
200403,27,,,1
200404,27,,,1
200405,27,,,1
200406,27,,,1
200407,27,,,1
200408,27,,,1
200409,27,,,1
200410,27,,,1
200411,27,,,1
200412,27,,,1
200501,27,,,1
200502,27,,,1
200503,27,,,1
200504,27,,,1
200505,27,,,1
200506,27,,,1
200507,27,,,1
200508,27,,,1
200509,27,,,1
200510,27,,,1
200511,27,,,1
200512,27,,,1
200601,27,,,1
200602,27,,,1
200603,27,,,1
200604,27,,,1
200605,27,,,1
200606,27,,,1
200607,27,,,1
200608,27,,,1
200609,27,,,1
200610,27,,,1
200611,27,,,1
200612,27,,,1
200701,27,,,1
200702,27,,,1
200703,27,,,1
200704,27,,,1
200705,27,,,1
200706,27,,,1
200707,27,,,1
200708,27,,,1
200709,27,,,1
200710,27,,,1
200711,27,,,1
200712,27,,,1
200801,27,,,1
200802,27,,,1
200803,27,,,1
200804,27,,,1
200805,27,,,1
200806,27,,,1
200807,27,,,1
200808,27,,,1
200809,27,,,1
200810,27,,,1
200811,27,,,1
200812,27,,,1
200901,27,,,1
200902,27,,,1
200903,27,,,1
200904,27,,,1
200905,27,,,1
200906,27,,,1
200907,27,,,1
200908,27,,,1
200909,27,,,1
200910,27,,,1
200911,27,,,1
200912,27,,,1
201001,27,,,1
201002,27,,,1
201003,27,,,1
201004,27,,,1
201005,27,,,1
201006,27,,,1
201007,27,,,1
201008,27,,,1
201009,27,,,1
201010,27,,,1
201011,27,,,1
201012,27,,,1
201101,27,,,1
201102,27,,,1
201103,27,,,1
201104,27,,,1
201105,27,,,1
201106,27,,,1
201107,27,,,1
201108,27,,,1
201109,27,,,1
201110,27,,,1
201111,27,,,1
201112,27,,,1
201201,27,146.14022,,0
201202,27,137.9784,,0
201203,27,151.55784,,0
201204,27,151.71089,,0
201205,27,156.94026,,0
201206,27,150.66877,,0
201207,27,151.96193,,0
201208,27,157.81038,,0
201209,27,142.35213,,0
201210,27,151.42021,,0
201211,27,142.08941,,0
201212,27,143.04867,,0
201301,27,136.88566,-6.332657772104078,0
201302,27,128.9,-6.579580572031551,0
201303,27,143.31906,-5.436063221803633,0
201304,27,139.51179,-8.041018017889169,0
201305,27,143.2258,-8.738649980572221,0
201306,27,144.77918,-3.9089653416564007,0
201307,27,149.0953,-1.886413261532005,0
201308,27,159.60756,1.138822427269992,0
201309,27,154.69576,8.671194452798158,0
201310,27,162.73941,7.4753561628266185,0
201311,27,153.55419,8.068708287267867,0
201312,27,126.07165,-11.86800268747692,0
201401,27,147.43962,7.710055238802949,0
201402,27,143.03968,10.969495733126443,0
201403,27,147.38316,2.8357009877123085,0
201404,27,156.09761,11.888471934880918,0
201405,27,158.25339,10.49223673388453,0
201406,27,149.78249,3.4558214793038555,0
201407,27,152.20157,2.0834124214512473,0
201408,27,150.47369,-5.72270511497075,0
201409,27,152.93165,-1.1403738538147468,0
201410,27,161.25056,-0.9148675173395238,0
201411,27,150.34259,-2.0915091929435525,0
201412,27,140.96207,11.811077272328884,0
201501,27,140.77843,-4.517910450393192,0
201502,27,139.18746,-2.693112848127188,0
201503,27,151.68622,2.919641565562836,0
201504,27,136.91091,-12.291475827208377,0
201505,27,151.43459,-4.308786055072822,0
201506,27,139.21749,-7.053561467698922,0
201507,27,137.39119,-9.73076690339003,0
201508,27,129.12242,-14.189370912616017,0
201509,27,134.51698,-12.041111176136532,0
201510,27,137.22531,-14.899328101558218,0
201511,27,135.97725,-9.555070190023995,0
201512,27,133.74301,-5.121278369422367,0
201601,27,130.96811,-6.968624383721278,0
201602,27,128.85701,-7.421968904382615,0
201603,27,130.74445,-13.80598053007056,0
201604,27,123.39773,-9.870053453008243,0
201605,27,125.64774,-17.028375089205174,0
201606,27,130.41616,-6.322000202704425,0
201607,27,124.23908,-9.572746258329957,0
201608,27,128.72281,-0.3094814982556815,0
201609,27,125.66551,-6.580187869219179,0
201610,27,122.53101,-10.708155805951547,0
201611,27,132.99413,-2.1938375720938486,0
201612,27,139.77318,4.508773953868683,0
201701,27,137.14883,4.7192557027814,0
201702,27,136.91534,6.253699352483788,0
201703,27,137.33583,5.041422408369911,0
201704,27,132.35029,7.255044318886594,0
201705,27,140.23415,11.608971239753307,0
201706,27,136.78445,4.883052836396962,0
201707,27,132.60743,6.735682524371556,0
201708,27,137.07353,6.4873661474605715,0
201709,27,138.26591,10.026935791690184,0
201710,27,142.66896,16.434982458726168,0
201711,27,136.49111,2.62942432120874,0
201712,27,140.79199,0.72890235451466,0
201801,27,149.50846,9.011837724025806,0
201802,27,125.40875,-8.404164208334864,0
201803,27,146.88554,6.953545917332726,0
201804,27,139.46192,5.373339189509885,0
201805,27,134.67219,-3.966195110106918,0
201806,27,139.32895,1.8602260710190333,0
201807,27,134.43264,1.376401005584671,0
201808,27,140.65611,2.6136191283612664,0
201809,27,130.42538,-5.670616857040178,0
201810,27,139.09515,-2.5049667425906863,0
201811,27,133.30628,-2.333360758806935,0
201812,27,123.89964,-11.998090232263914,0
201901,27,130.36956,-12.801215396105349,0
201902,27,134.14697,6.967791322375838,0
201903,27,120.4084,-18.025695381587592,0
201904,27,121.65855,-12.765757132843136,0
201905,27,124.97285,-7.202184801479805,0
201906,27,118.93728,-14.635630283584277,0
201907,27,127.36617,-5.256513596697943,0
201908,27,124.18876,-11.70752553870572,0
201909,27,122.00488,-6.456182071311578,0
201910,27,129.32348,-7.025169461336356,0
201911,27,116.35551,-12.715657506908151,0
201912,27,113.32474,-8.535053047773179,0
202001,27,113.76408,-12.737237128053513,0
202002,27,113.68366,-15.254395980766478,0
202003,27,113.60279,-5.652105667046481,0
202004,27,99.34712,-18.339385106924254,0
202005,27,96.86998,-22.487180215542814,0
202006,27,96.38543,-18.961128083642066,0
202007,27,100.41953,-21.156826808877117,0
202008,27,96.71389,-22.123475586679497,0
202009,27,100.60907,-17.53684770641961,0
202010,27,105.40693,-18.49358677944638,0
202011,27,103.60475,-10.958449668606152,0
202012,27,104.07513,-8.16203946287457,0
202101,27,98.12263,-13.749023417584883,0
202102,27,100.42857,-11.659626370227706,0
202103,27,109.35275,-3.741140512482133,0
202104,27,100.48162,1.1419555997194575,0
202105,27,97.62333,0.7776919123963832,0
202106,27,93.43188,-3.064311691092725,0
202107,27,99.31864,-1.096290731494154,0
202108,27,100.8614,4.288432612936988,0
202109,27,99.43748,-1.1644973957119498,0
202110,27,103.85829,-1.4692013134240844,0
202111,27,104.74913,1.1045632560283236,0
202112,27,110.00983,5.702322927677339,0
202201,27,101.19403,3.1301647744256256,0
202202,27,97.68651,-2.7303585025655552,0
202203,27,105.78671,-3.2610428178532325,0
202204,27,96.34033,-4.121440319134995,0
202205,27,103.22933,5.742479794532729,0
202206,27,102.2894,9.480190273384203,0
202207,27,100.00348,0.689538237736631,0
202208,27,102.65417,1.7774589684457887,0
202209,27,99.10785,-0.33149472412212777,0
202210,27,96.84331,-6.754376564451425,0
202211,27,96.10917,-8.24824034338041,0
202212,27,98.7557,-10.230113072622682,0
202301,27,97.83425,-3.320136573274135,0
202302,27,92.98025,-4.81771741052065,0
202303,27,102.76218,-2.85908314948069,0
202304,27,93.92523,-2.5068421501151184,0
202305,27,99.2654,-3.839926114022052,0
202306,27,100.52185,-1.7279894104374471,0
202307,27,104.22639,4.222763047845923,0
202308,27,107.63054,4.847703702635764,0
202309,27,99.00622,-0.10254485391419932,0
202310,27,102.16806,5.498314751943112,0
202311,27,96.65497,0.5678958625904285,0
202312,27,88.28424,-10.603398082338543,0
202401,27,91.21595,-6.764808847617266,0
202402,27,88.72352,-4.5781012634403595,0
202403,27,94.74622,-7.800496252609667,0
202404,27,96.06047,2.273340187721651,0
202405,27,96.51291,-2.7728594253385364,0
202406,27,96.93262,-3.570596840388429,0
202407,27,100.51001,-3.5656804385146623,0
202408,27,103.26489,-4.056144287671515,0
202409,27,96.6252,-2.4049196101012527,0
202410,27,97.57512,-4.495475396126736,0
202411,27,95.21619,-1.4885732208079983,0
202412,27,91.39144,3.5195409735644834,0
202501,27,96.09726,5.351377692168957,0
202502,27,94.93871,7.00512107725213,0
202503,27,100.49281,6.065244608175413,0
202504,27,104.95581,9.260146239134581,0
202505,27,106.2553,10.094390481024762,0
202506,27,109.48976,12.95450386051673,0
202507,27,109.40296,8.847825206663495,0
202508,27,106.64053,3.2689135678157344,0
202509,27,107.5435,11.299640259476806,0
202510,27,106.35751,9.000644836511619,0
202511,27,102.98895,8.163275594203046,0
202512,27,98.43115,7.702811116664754,0
202601,27,98.98053,3.0003665036859584,0
202602,27,99.82111,5.142686265697094,0
202603,27,105.48182,4.964544229582191,0
202604,27,102.43894,-2.398028274947328,0
202605,27,109.158,2.7318166717330783,0
202606,27,107.25933,-2.037112877039826,0
202607,27,111.53185,1.945916271369641,0
